hcho_valid_pixels,hcho_mean,hcho_std,hcho_min,hcho_max,hcho_median,location_id,date
0,,,,,,2161306,2024-02-06
0,,,,,,2161306,2024-02-07
0,,,,,,2161306,2024-02-08
0,,,,,,2161306,2024-02-09
120,0.00015443410666193813,0.00010036209278041497,-0.00011511958291521296,0.0003729902964551002,0.00014702547923661768,2161306,2024-02-10
156,0.0001983399415621534,0.00011828197602881119,-0.00011398558126529679,0.0004847257805522531,0.0001993043697439134,2161306,2024-02-11
156,0.0002123295998899266,0.0001036932590068318,-2.138064337486867e-05,0.00043980113696306944,0.00021192383428569883,2161306,2024-02-12
129,0.00012375395454000682,8.591319783590734e-05,-0.00012770410103257746,0.00038155537913553417,0.00010990200826199725,2161306,2024-02-13
0,,,,,,2161306,2024-02-14
0,,,,,,2161306,2024-02-15
11,0.00016346284246537834,6.449575448641554e-05,4.489303319132887e-05,0.0002782959782052785,0.0001699081331025809,2161306,2024-02-16
29,0.00014197595010045916,6.290227611316368e-05,3.412567821214907e-05,0.00029353058198466897,0.00015046446060296148,2161306,2024-02-17
96,0.000226255739107728,0.0002538342960178852,-0.00027603813214227557,0.0009661804069764912,0.00015617850294802338,2161306,2024-02-18
57,0.0003001212899107486,0.00016175366181414574,6.462523015215993e-05,0.0006999385659582913,0.00024734626640565693,2161306,2024-02-19
50,0.0002180233714170754,0.00012798143143299967,-0.0001771993120200932,0.000578682404011488,0.00019045699445996433,2161306,2024-02-20
53,0.00021551288955379277,8.675948629388586e-05,6.964512431295589e-05,0.00047608144814148545,0.00020809668058063835,2161306,2024-02-21
2,0.00012304290430620313,0.0,0.00012304290430620313,0.00012304290430620313,0.00012304290430620313,2161306,2024-02-22
0,,,,,,2161306,2024-02-23
0,,,,,,2161306,2024-02-24
0,,,,,,2161306,2024-02-25
0,,,,,,2161306,2024-02-26
0,,,,,,2161306,2024-02-27
0,,,,,,2161306,2024-02-28
0,,,,,,2161306,2024-02-29
0,,,,,,2161306,2024-03-01
36,0.00012356751540210098,7.927920523798093e-05,-1.9548475393094122e-05,0.0003382386057637632,0.00012350264296401292,2161306,2024-03-02
8,0.00015075884584803134,3.3249878470087424e-05,9.371232590638101e-05,0.00020635819237213582,0.00015357419033534825,2161306,2024-03-03
11,0.00037307964521460235,8.921415428631008e-05,0.0002665016509126872,0.0006012353114783764,0.00035625422606244683,2161306,2024-03-04
146,0.0002772467560134828,0.00019227928714826703,-0.00013706776371691376,0.0007719696732237935,0.0003007217892445624,2161306,2024-03-05
96,0.000257098552538082,9.362948912894353e-05,7.125377305783331e-05,0.0004944616230204701,0.0002481489791534841,2161306,2024-03-06
14,0.00014799485506955534,6.62660168018192e-05,3.903028118656948e-05,0.00032639410346746445,0.00014840997755527496,2161306,2024-03-07
0,,,,,,2161306,2024-03-08
0,,,,,,2161306,2024-03-09
0,,,,,,2161306,2024-03-10
146,0.00020832332666032016,0.00012635145685635507,-5.1479444664437324e-05,0.000663272337988019,0.00022084900410845876,2161306,2024-03-11
0,,,,,,2161306,2024-03-15
2,0.00017385608225595206,0.0,0.00017385608225595206,0.00017385608225595206,0.00017385608225595206,2161306,2024-03-16
0,,,,,,2161306,2024-03-17
0,,,,,,2161306,2024-03-18
0,,,,,,2161306,2024-03-19
0,,,,,,2161306,2024-03-20
140,0.0001835465955082327,0.00013401189062278718,-0.00013368607324082404,0.0005696425214409828,0.00017680376186035573,2161306,2024-03-21
0,,,,,,2161306,2024-03-22
0,,,,,,2161306,2024-03-23
2,0.00021555752027779818,0.0,0.00021555752027779818,0.00021555752027779818,0.00021555752027779818,2161306,2024-03-24
134,0.00020273747213650495,7.685431046411395e-05,6.48570348857902e-05,0.0004442962817847729,0.00019588567374739796,2161306,2024-03-25
17,0.00011616614938247949,8.724528743186966e-05,-4.974578587280121e-06,0.00024028593907132745,7.991189340827987e-05,2161306,2024-03-26
64,0.00027404577122069895,0.00013351842062547803,3.937680958188139e-05,0.000519412278663367,0.0002809040015563369,2161306,2024-03-27
0,,,,,,2161306,2024-03-28
0,,,,,,2161306,2024-03-29
16,0.0002329653361812234,8.39616113808006e-05,9.845498425420374e-06,0.0003825695894192904,0.0002319990744581446,2161306,2024-03-30
156,0.0004611371550709009,0.00019612601317930967,0.00017200432193931192,0.0009675639448687434,0.00043070450192317367,2161306,2024-03-31
156,0.00047107753925956786,0.00021792744519189,-1.916845576488413e-05,0.001043948926962912,0.0004410010005813092,2161306,2024-04-01
156,0.0005128823686391115,0.00014761877537239343,3.5445747926132753e-05,0.0008703643688932061,0.000538894790224731,2161306,2024-04-02
156,0.000592476106248796,0.00014117220416665077,0.00023161902208812535,0.000971482542809099,0.0005991379730403423,2161306,2024-04-03
63,0.00032751314574852586,8.581985457567498e-05,0.00014824181562289596,0.0007687542820349336,0.0003245804982725531,2161306,2024-04-04
13,0.00046140793710947037,5.183889516047202e-05,0.00038954641786403954,0.0005472740740515292,0.00047473300946876407,2161306,2024-04-05
40,0.00029164963052608073,9.994461288442835e-05,8.050012547755614e-05,0.0004538425419013947,0.00029940876993350685,2161306,2024-04-06
0,,,,,,2161306,2024-04-07
0,,,,,,2161306,2024-04-08
0,,,,,,2161306,2024-04-09
0,,,,,,2161306,2024-04-10
10,0.00021665084932465106,1.4924122297088616e-05,0.00019686481391545385,0.00023622679873369634,0.00021417762036435306,2161306,2024-04-11
36,0.00020551953639369458,4.4640455598710105e-05,0.00014894922787789255,0.0002936094824690372,0.00019380790763534606,2161306,2024-04-12
13,0.00012319644156377763,0.00012659795174840838,-0.00027654110454022884,0.00022781708685215563,0.00013199049863032997,2161306,2024-04-13
11,0.0003918078728020191,0.00013520961510948837,0.00024463830050081015,0.0006310077733360231,0.00037977396277710795,2161306,2024-04-14
0,,,,,,2161306,2024-04-15
156,0.00027330746524967253,0.0001169128154288046,-4.680170968640596e-05,0.0005922357668168843,0.0002813648898154497,2161306,2024-04-16
47,0.00020393746672198176,6.241305527510121e-05,3.399519846425392e-05,0.0002988081250805408,0.0002033408818533644,2161306,2024-04-17
156,0.000367076339898631,0.00011356677714502439,-1.012558368529426e-05,0.0005772910080850124,0.00036925438325852156,2161306,2024-04-18
45,0.00043701252434402704,0.00016727647744119167,0.0001884112280094996,0.0008686336223036051,0.0004090972652193159,2161306,2024-04-19
156,0.0004107709974050522,0.00010643084533512592,0.00018207628454547375,0.0007612754707224667,0.00040267303120344877,2161306,2024-04-20
156,0.0003305029240436852,0.0001218719407916069,7.162903057178482e-05,0.0006162424106150866,0.0003356587258167565,2161306,2024-04-26
156,0.0003169424890074879,0.0001241611607838422,4.151976099819876e-05,0.0006119267200119793,0.0003409144119359553,2161306,2024-04-27
156,0.0004533481551334262,0.00013530542491935194,0.0001875702728284523,0.0007668119505979121,0.00046355996164493263,2161306,2024-04-28
156,0.0005098780966363847,0.00012281212548259646,0.00024398717505391687,0.0008086563320830464,0.0005060569383203983,2161306,2024-04-29
156,0.0006023475434631109,0.00013959234638605267,0.00027320272056385875,0.001001741853542626,0.0006007984047755599,2161306,2024-04-30
0,,,,,,2161306,2024-05-01
0,,,,,,2161306,2024-05-02
0,,,,,,2161306,2024-05-03
149,0.0002271902485517785,0.00011214482947252691,3.22691812471021e-05,0.0006034407997503877,0.0001962861861102283,2161306,2024-05-04
16,0.0002446731668896973,6.0715221479767933e-05,0.00012526681530289352,0.00032866746187210083,0.00025874158018268645,2161306,2024-05-05
23,0.00017605943139642477,7.390015525743365e-05,6.439678691094741e-05,0.00030237421742640436,0.0001596282236278057,2161306,2024-05-06
0,,,,,,2161306,2024-05-07
19,7.241238927235827e-05,0.00013677144306711853,-0.00011065108992625028,0.00037125544622540474,2.1450232452480122e-05,2161306,2024-05-08
56,0.00011479878594400361,4.795126733370125e-05,1.0293154446117114e-05,0.00022427484509535134,0.00011190620716661215,2161306,2024-05-09
47,0.00019312473887111992,0.00010940038919216022,-6.328462768578902e-05,0.00046865397598594427,0.00019667454762384295,2161306,2024-05-10
98,0.0002236326690763235,9.914718248182908e-05,-8.433160473941825e-06,0.00047091604210436344,0.00020577030954882503,2161306,2024-05-11
62,0.0002626617206260562,0.00010458377801114693,-5.749202955485089e-06,0.0005983582232147455,0.00026798780891112983,2161306,2024-05-12
0,,,,,,2161306,2024-05-13
119,0.00018904639000538737,7.517058838857338e-05,2.762553413049318e-05,0.00038639921694993973,0.00017900059174280614,2161306,2024-05-14
0,,,,,,2161306,2024-05-15
8,8.378196798730642e-05,0.00014738479512743652,-0.00010787646897369996,0.00033036741660907865,4.724820610135794e-05,2161306,2024-05-16
6,0.00018534588161855936,4.467235703486949e-05,0.0001265478495042771,0.0002349163987673819,0.00019379571313038468,2161306,2024-05-17
0,,,,,,2161306,2024-05-18
13,0.00033730160794220865,0.00027150020468980074,-0.00021662903600372374,0.0006116137956269085,0.00039272932917810977,2161306,2024-05-19
0,,,,,,2161306,2024-05-20
84,0.0002634266566019505,0.00011722117778845131,8.687732770340517e-05,0.0005849615554325283,0.00023651280207559466,2161306,2024-05-21
46,0.0002207845391239971,7.217367237899452e-05,0.0001048207632265985,0.0003654889587778598,0.00020597974071279168,2161306,2024-05-22
0,,,,,,2161306,2024-05-23
80,0.0001689586351858452,9.71331464825198e-05,-0.00018060790898744017,0.000394323404179886,0.00016336445696651936,2161306,2024-05-24
0,,,,,,2161306,2024-05-25
97,0.00013388627849053591,0.00013830001989845186,-0.00020637430134229362,0.0004719301941804588,0.00014596960681956261,2161306,2024-05-26
136,0.00020931645121891052,0.00010530980944167823,-2.4879618649720214e-05,0.0005204925546422601,0.00020204005704727024,2161306,2024-06-02
118,0.0002552990918047726,0.00013810914242640138,5.199368024477735e-05,0.0007039104821160436,0.00023332290584221482,2161306,2024-06-03
4,0.0002651349641382694,0.00012821887503378093,0.00014234049012884498,0.00048052880447357893,0.00021883525187149644,2161306,2024-06-04
0,,,,,,2161306,2024-06-05
4,3.7270998291205615e-05,0.00013999512884765863,-0.00010797251889016479,0.0002019504172494635,2.755304376478307e-05,2161306,2024-06-06
4,0.00015734496992081404,0.00013591123570222408,-5.273616625345312e-05,0.0003268143336754292,0.00017765085794962943,2161306,2024-06-07
0,,,,,,2161306,2024-06-08
0,,,,,,2161306,2024-06-09
0,,,,,,2161306,2024-06-10
93,0.0002125730534316972,0.0001285405014641583,-5.706316733267158e-05,0.0005536954267881811,0.0001969187578652054,2161306,2024-06-11
129,0.00022134609753265977,0.00013097040937282145,-0.00013823123299516737,0.0006335044745355844,0.00020781664352398366,2161306,2024-06-12
131,0.00017404634854756296,0.0001640203408896923,-0.00023140024859458208,0.0005884054698981345,0.00016799633158370852,2161306,2024-06-13
27,0.00021015039237681776,0.0001934094907483086,-9.437162952963263e-05,0.0005544271552935243,0.00019014593272004277,2161306,2024-06-14
0,,,,,,2161306,2024-06-15
85,0.00031569250859320164,0.00012214596790727228,8.035783685045317e-05,0.0005704356008209288,0.00030421061092056334,2161306,2024-06-16
155,0.0002997732372023165,0.0001275227259611711,-1.778399382601492e-05,0.000623292988166213,0.00029941683169454336,2161306,2024-06-17
92,0.0003560209588613361,0.00015120036550797522,-2.330145434825681e-06,0.0007304719183593988,0.00037030462408438325,2161306,2024-06-18
156,0.00030715917819179595,0.00013818597653880715,5.4137693950906396e-05,0.0007108766585588455,0.0002752586151473224,2161306,2024-06-19
93,0.0003809087793342769,0.00022427299700211734,-8.854951738612726e-05,0.0008998516132123768,0.0004037966427858919,2161306,2024-06-20
5,0.00047637318493798375,0.0002532486105337739,0.00012061792222084478,0.0007876579184085131,0.0005060997791588306,2161306,2024-06-21
56,0.00030116556445136666,0.00015366653678938746,-0.00014627230120822787,0.0006243903189897537,0.00029423393425531685,2161306,2024-06-22
12,0.00027881658752448857,0.00017312070121988654,-5.682806295226328e-05,0.0005646946956403553,0.0002520777634344995,2161306,2024-06-23
0,,,,,,2161306,2024-06-24
0,,,,,,2161306,2024-06-25
0,,,,,,2161306,2024-06-26
98,0.0001562112884130329,0.00010230298357782885,-3.918805668945424e-05,0.0005457530496641994,0.00013440739712677896,2161306,2024-06-27
62,0.0002797547203954309,0.0001287145569222048,-4.006312883575447e-05,0.0006987233646214008,0.00026631844229996204,2161306,2024-06-28
64,0.0004136164498049766,0.00017969045438803732,0.00015699166397098452,0.0008465231512673199,0.0003835676470771432,2161306,2024-06-29
3,0.00042495629168115556,9.494487312622368e-05,0.0003578200994525105,0.0005592285888269544,0.0003578200994525105,2161306,2024-06-30
0,,,,,,2161306,2024-07-01
8,0.0004164101555943489,0.00012458970013540238,0.00018016314425040036,0.0005656190332956612,0.00046112394193187356,2161306,2024-07-02
0,,,,,,2161306,2024-07-03
57,0.00023746860097162426,0.00011781181092374027,7.165347051341087e-05,0.0005486630834639072,0.00022778792481403798,2161306,2024-07-04
151,0.00018538482254371047,0.00010029593977378681,4.216107754473342e-06,0.00046930270036682487,0.00019019059254787862,2161306,2024-07-05
63,0.0001567550061736256,0.00011862564133480191,-7.454625301761553e-05,0.00046636915067210793,0.00014978941180743277,2161306,2024-07-06
109,0.00020946396398358047,0.00012568266538437456,-5.3318119171308354e-05,0.0006874907412566245,0.00017836863116826862,2161306,2024-07-07
79,0.00021380942780524492,0.0001445439993403852,-7.285965693881735e-05,0.0008516419911757112,0.00019941505161114037,2161306,2024-07-08
50,0.0002049430040642619,8.923156565288082e-05,3.226424814783968e-05,0.0004509862919803709,0.00018342684779781848,2161306,2024-07-09
6,0.0002793039020616561,0.00021667922555934638,3.712843681569211e-05,0.0005318576004356146,0.0002641990140546113,2161306,2024-07-10
126,0.0002790505241136998,0.00015478962450288236,-2.724742444115691e-05,0.0006759752286598086,0.0002455700596328825,2161306,2024-07-11
119,0.00021463472512550652,0.00010580025991657749,-1.4393727724382188e-05,0.0004887435934506357,0.00020786200184375048,2161306,2024-07-12
83,0.00019378727301955223,0.00010591903992462903,-6.50433503324166e-05,0.000491665443405509,0.00019074718875344843,2161306,2024-07-13
18,0.0002860472013708204,0.00016353980754502118,4.786615591001464e-06,0.0005727187381125987,0.00031321903225034475,2161306,2024-07-14
53,0.00017410796135663986,0.0001330975501332432,-0.00010253678192384541,0.0005747377290390432,0.00017099999240599573,2161306,2024-07-15
54,0.00021376767836045474,0.00011418373469496146,2.591374322946649e-05,0.00043755938531830907,0.00020458917424548417,2161306,2024-07-16
0,,,,,,2161306,2024-07-17
0,,,,,,2161306,2024-07-18
40,0.00012763570703100413,7.571557216579095e-05,-1.523890568932984e-05,0.00037035663262940943,0.00010755773109849542,2161306,2024-07-19
7,0.00015960936434566975,4.601214823196642e-05,0.00010565782577032223,0.00023193572997115552,0.00016665214207023382,2161306,2024-07-20
135,0.00021366104192566127,0.00010995853517670184,-1.2783505098923342e-06,0.00044295331463217735,0.0002290212723892182,2161306,2024-07-21
0,,,,,,2161306,2024-07-22
0,,,,,,2161306,2024-07-23
33,0.00016129841969814152,9.783923451323062e-05,-0.00012362901179585606,0.0003767510352190584,0.000163143893587403,2161306,2024-07-24
33,0.00020093568309675902,0.00012316042557358742,-7.420495967380702e-05,0.0005032173939980567,0.00020372361177578568,2161306,2024-07-25
156,0.0002223289047833532,0.00014621950685977936,-0.00013540023064706475,0.0009262646199204028,0.00021152090630494058,2161306,2024-07-26
100,0.0003956241125706583,0.0002949295158032328,-0.0006338614621199667,0.001315914443694055,0.0004045108798891306,2161306,2024-07-27
2,0.0004390683607198298,0.0,0.0004390683607198298,0.0004390683607198298,0.0004390683607198298,2161306,2024-07-28
0,,,,,,2161306,2024-07-29
0,,,,,,2161306,2024-07-30
0,,,,,,2161306,2024-07-31
0,,,,,,2161306,2024-08-01
0,,,,,,2161306,2024-08-02
11,8.47730552777648e-05,7.162509427871555e-05,-7.76942033553496e-05,0.00019884883658960462,7.981620001373813e-05,2161306,2024-08-03
135,0.00012648302072193474,0.0001078789500752464,-0.00019614430493675172,0.0004223466385155916,0.00012117650476284325,2161306,2024-08-04
68,0.00018506388005334884,0.00013365191989578307,-0.00012203564983792603,0.0007622172706760466,0.00016592479369137436,2161306,2024-08-05
133,0.0002789405407384038,0.00011207214265596122,2.5030514734680764e-05,0.000608231290243566,0.00025234761415049434,2161306,2024-08-06
32,0.0002920636034104973,0.00020523162675090134,-8.87136920937337e-05,0.0006519709131680429,0.00030996662098914385,2161306,2024-08-07
133,0.000224183764657937,0.00011069119500461966,5.168146162759513e-05,0.0005245745996944606,0.00020397432672325522,2161306,2024-08-08
156,0.00023446428531315178,0.00013092398876324296,-0.00012552057160064578,0.0006671788869425654,0.00022556714247912169,2161306,2024-08-09
154,0.0002381243248237297,0.00010867531091207638,-6.406007287296234e-06,0.0006744632846675813,0.00023076469369698316,2161306,2024-08-10
2,0.00025304770679213107,0.0,0.00025304770679213107,0.00025304770679213107,0.00025304770679213107,2161306,2024-08-11
26,0.0003057579160667956,0.0001449254050385207,1.5851006537559442e-05,0.0006567754317075014,0.0003152136050630361,2161306,2024-08-12
28,0.00015909610374365002,9.085089550353587e-05,-4.178056042292155e-05,0.00028428356745280325,0.00017687717627268285,2161306,2024-08-13
3,0.00014664458285551518,8.859235822455958e-05,8.400031219935045e-05,0.0002719330950640142,8.400031219935045e-05,2161306,2024-08-14
42,0.00015318302030209452,0.00013048383698333055,-0.00013510204735212028,0.0004604752757586539,0.0001712089142529294,2161306,2024-08-15
80,0.0002435394562780857,9.053816756932065e-05,-1.1196296327398159e-05,0.0004687923064921051,0.00023269301163963974,2161306,2024-08-16
45,0.0002968520566355437,8.783361408859491e-05,0.00011170015932293609,0.00041557539952918887,0.00032870101858861744,2161306,2024-08-17
35,0.00023893863544799387,0.00020234612748026848,-0.00013501245121005923,0.0008564226445741951,0.00022848069784231484,2161306,2024-08-18
55,0.0003024869365617633,0.00014786281099077314,1.3574136573879514e-05,0.0007970252190716565,0.00024669969570823014,2161306,2024-08-19
79,0.000257224019151181,0.0001062166629708372,4.4601027184398845e-05,0.0005951556377112865,0.00025478441966697574,2161306,2024-08-20
29,0.0002807934070006013,0.00013727691839449108,7.547754194092704e-06,0.0005318119656294584,0.00030980154406279325,2161306,2024-08-21
79,0.0002529903140384704,0.00013016255979891866,4.094426185474731e-05,0.00062604492995888,0.00024692146689631045,2161306,2024-08-22
0,,,,,,2161306,2024-08-23
65,0.0002171140949940309,0.00014860971714369953,2.5753093723324127e-05,0.0008189666550606489,0.00018768593145068735,2161306,2024-08-24
0,,,,,,2161306,2024-08-29
156,0.00025383601314388216,0.00011207744682906196,-9.352848792332225e-06,0.000712681096047163,0.00025676796212792397,2161306,2024-08-30
153,0.00024396281514782459,0.00010744668543338776,-5.418898581410758e-05,0.0005810149013996124,0.00024276605108752847,2161306,2024-08-31
156,0.00022690814512316138,0.00012033623352181166,2.2920905394130386e-05,0.0006161072524264455,0.00020748682436533272,2161306,2024-09-03
156,0.0002199780137743801,0.00010202950215898454,-4.91497376060579e-05,0.0004962606471963227,0.00023232027888298035,2161306,2024-09-04
148,0.0002482456329744309,0.000125511855003424,-3.5812259739032015e-05,0.0006035660044290125,0.0002580901491455734,2161306,2024-09-05
108,0.0003094977873843163,0.00013559091894421726,3.225383261451498e-05,0.0006906646303832531,0.0002857182116713375,2161306,2024-09-06
0,,,,,,2161306,2024-09-07
0,,,,,,2161306,2024-09-09
0,,,,,,2161306,2024-09-10
0,,,,,,2161306,2024-09-11
27,0.0002419643715256825,8.341343345819041e-05,-1.9934677766286768e-05,0.0003438540152274072,0.0002666977234184742,2161306,2024-09-12
78,0.00017242944159079343,0.0001472239673603326,-0.00016640621470287442,0.00048064833390526474,0.00019565591355785728,2161306,2024-09-13
133,0.0002637815778143704,0.00012035544204991311,2.6939720555674285e-05,0.0005900727119296789,0.0002609749499242753,2161306,2024-09-14
127,0.0003145646769553423,0.00011829149298137054,5.750307536800392e-05,0.0006328091840259731,0.00031202982063405216,2161306,2024-09-15
156,0.00020625442266464233,0.00010861267219297588,-3.3866446756292135e-05,0.0004764331679325551,0.00019888306269422174,2161306,2024-09-16
11,0.0002451679902151227,0.00010054455196950585,5.163253445061855e-05,0.00044839433394372463,0.0002234382409369573,2161306,2024-09-17
17,0.00023281807079911232,8.782360964687541e-05,0.00011016676580766216,0.00035332117113284767,0.0002877845836337656,2161306,2024-09-18
30,0.000292197655653581,0.00010418964666314423,5.838370634592138e-05,0.00047478819033131003,0.0003203383239451796,2161306,2024-09-19
35,0.00016504018276464194,9.976669389288872e-05,-2.8832748284912668e-05,0.00039895172812975943,0.00015974797133821994,2161306,2024-09-20
84,0.0001906916731968522,0.00010115345503436401,-2.7435689844423905e-05,0.0005376882036216557,0.0001860868069343269,2161306,2024-09-21
0,,,,,,2161306,2024-09-22
13,0.00026268669171258807,0.00010678640683181584,8.696479198988527e-05,0.0003813639923464507,0.00032167849713005126,2161306,2024-09-23
156,0.00023183795565273613,0.00013147160643711686,-0.00021579794702120125,0.0005542641738429666,0.00024626078084111214,2161306,2024-09-24
0,,,,,,2161306,2024-09-25
104,0.00018578690651338547,9.862441220320761e-05,2.4617298777229735e-07,0.000437772338045761,0.00018356123473495245,2161306,2024-09-26
150,0.00022770732175558805,0.0001024946614052169,-0.00010751576337497681,0.0005424483679234982,0.0002287880633957684,2161306,2024-09-27
154,0.00021795120846945792,0.00011102605640189722,-5.0573104090290144e-05,0.0004703363520093262,0.0002167278726119548,2161306,2024-09-28
34,0.0001284008176298812,9.683764073997736e-05,-9.025994222611189e-05,0.0002827571297530085,0.0001369956007692963,2161306,2024-09-29
5,0.0003048237704206258,0.0003278842777945101,-3.7990128021192504e-06,0.0007020782213658094,0.0001275603863177821,2161306,2024-09-30
7,0.0002121113648172468,5.268266249913722e-05,0.0001309365761699155,0.00027964089531451464,0.00023304327623918653,2161306,2024-10-01
115,0.0001944389077834785,0.00010798978473758325,-7.288546476047486e-05,0.00044328239164315164,0.0001851465494837612,2161306,2024-10-02
156,0.0002031072654062882,0.00010667387687135488,-4.555918712867424e-05,0.0005852095782756805,0.000209260470001027,2161306,2024-10-03
139,0.00026674725813791156,0.00019488256657496095,-0.00023855709878262132,0.001108274795114994,0.0002823839895427227,2161306,2024-10-04
156,0.00027218705508857965,0.00010345700866309926,-1.0032426871475764e-05,0.0005223434418439865,0.0002796511980704963,2161306,2024-10-05
156,0.0002350089343963191,0.00011985324817942455,-5.5150125263025984e-05,0.0005356927867978811,0.00023452643654309213,2161306,2024-10-06
147,0.00024324706464540213,0.00011762477515731007,-8.93768883543089e-05,0.0005378606147132814,0.00025821905001066625,2161306,2024-10-07
156,0.00028789302450604737,0.00011882058606715873,-1.5398304640257265e-06,0.000545907998457551,0.0002809040015563369,2161306,2024-10-08
34,0.0001762401661835611,9.77402669377625e-05,-3.8145641156006604e-05,0.0003752362681552768,0.00018631259445101023,2161306,2024-10-09
22,9.386118472320959e-05,0.00010591437603579834,-7.112393359420821e-05,0.00026369173428975046,0.0001305621990468353,2161306,2024-10-10
101,0.00017272149852942675,6.413334631361067e-05,3.549222310539335e-05,0.000356452219421044,0.00015733287727925926,2161306,2024-10-11
91,0.0001744211040204391,6.873241363791749e-05,1.4610980542784091e-05,0.0003284543636254966,0.00017929838213603944,2161306,2024-10-12
80,0.0001995228521991521,8.763957157498226e-05,1.7163831216748804e-05,0.0003936275898013264,0.00020954619685653597,2161306,2024-10-13
140,0.00019154448818881065,7.699231355218217e-05,2.7970436349278316e-05,0.00036696772440336645,0.00018836262461263686,2161306,2024-10-14
52,0.00012107217480661348,8.716103184269741e-05,-9.094774577533826e-05,0.00027855567168444395,0.00012358621461316943,2161306,2024-10-15
17,0.00012100341700715944,4.0230541344499215e-05,2.4952323656179942e-05,0.0001816715521272272,0.0001295854599447921,2161306,2024-10-16
123,0.0001626700395718217,7.752612145850435e-05,2.5497316528344527e-05,0.00040559633634984493,0.00015975003771018237,2161306,2024-10-17
129,0.00019009786774404347,0.00010023159120464697,-4.2566636693663895e-05,0.0004390663234516978,0.00018540614109952003,2161306,2024-10-18
95,0.00020598541595973074,0.00010178008960792795,-1.5074576367624104e-05,0.0005019482341594994,0.00019846056238748133,2161306,2024-10-19
127,0.00019342410087119788,6.606475653825328e-05,1.9210108803235926e-05,0.0003511999675538391,0.00020515627693384886,2161306,2024-10-20
0,,,,,,2161306,2024-10-21
154,0.0001547811843920499,7.30921674403362e-05,-5.691959449904971e-05,0.0003374854277353734,0.00015495051047764719,2161306,2024-10-22
99,0.00015428980987053365,9.867872722679749e-05,-8.348826668225229e-05,0.0003791001217905432,0.00014960415137466043,2161306,2024-10-23
156,0.0002028174785664305,0.00010908429976552725,-0.00012605210940819234,0.000492339488118887,0.00021366612054407597,2161306,2024-10-24
156,0.00022839754819869995,0.00013118500646669418,-0.00010632642806740478,0.0005885729915462434,0.00023125839652493596,2161306,2024-10-25
156,0.00016186709399335086,0.00016131099255289882,-0.0003122255438938737,0.0004917390178889036,0.00017545609443914145,2161306,2024-10-26
0,,,,,,2161306,2024-10-27
0,,,,,,2161306,2024-10-28
12,4.938972051604651e-05,0.0001147967777797021,-0.00013437143934424967,0.0001851058768806979,9.572356066200882e-05,2161306,2024-10-29
156,0.00022775004617869854,0.00010566362470854074,-6.480073352577165e-05,0.0005308687104843557,0.00022917137539479882,2161306,2024-10-30
147,0.00025728283799253404,0.00016450734983664006,-0.00016614377091173083,0.0006195255555212498,0.0002780559007078409,2161306,2024-10-31
156,0.00023306171351578087,0.00011394830653443933,-0.00016859700554050505,0.0005144032184034586,0.00022767069458495826,2161306,2024-11-01
156,0.00024536007549613714,0.00011610821820795536,-0.00010262362047797069,0.0005865453276783228,0.0002382460661465302,2161306,2024-11-02
0,,,,,,2161306,2024-11-03
0,,,,,,2161306,2024-11-04
0,,,,,,2161306,2024-11-05
0,,,,,,2161306,2024-11-06
119,0.00019184863776899874,9.377746027894318e-05,-3.4886506909970194e-05,0.00042732121073640883,0.0001899726630654186,2161306,2024-11-07
156,0.0002234132552985102,0.00013038508768659085,-8.742893260205165e-05,0.0006454601534642279,0.00021796549845021218,2161306,2024-11-08
156,0.00026258607977069914,0.00011777854524552822,-0.00010995139018632472,0.0006049650837667286,0.00026579888071864843,2161306,2024-11-09
156,0.0002747543330769986,0.0001493740128353238,-1.4770558664167766e-05,0.000709464424289763,0.0002644516935106367,2161306,2024-11-10
156,0.0002405682171229273,0.0001532118913019076,-0.00018782822007779032,0.0008016666397452354,0.0002419877127977088,2161306,2024-11-11
153,0.00021352025214582682,9.130568651016802e-05,-6.157365078252042e-06,0.0003961508919019252,0.00022149051073938608,2161306,2024-11-12
148,0.0002011888864217326,0.00010596409265417606,-3.488243237370625e-05,0.0005055051879025996,0.00018997174629475921,2161306,2024-11-13
156,0.00023516271903645247,0.00010274088708683848,3.1189505534712225e-05,0.0005383691750466824,0.00022842880571261048,2161306,2024-11-14
156,0.00023211089137475938,0.00010434118303237483,5.649195009027608e-05,0.0005454168422147632,0.00020981882698833942,2161306,2024-11-15
153,0.00018945298506878316,0.00013270163617562503,-0.0001636912493268028,0.000476515619084239,0.00018688710406422615,2161306,2024-11-16
156,0.0002365463151363656,0.00012070985394529998,-3.193345764884725e-05,0.0006082533509470522,0.00023337987659033388,2161306,2024-11-17
46,0.00020045410201419145,6.70819281367585e-05,3.504965570755303e-05,0.0004312474047765136,0.0001900468341773376,2161306,2024-11-18
156,0.00018910359358415008,0.00010357041901443154,-4.5588938519358635e-05,0.00048133954987861216,0.0001892835134640336,2161306,2024-11-19
156,0.0002412019675830379,0.00011660924792522565,-9.838126425165683e-05,0.0005424446426331997,0.0002383364044362679,2161306,2024-11-20
155,0.00021943899628240615,0.00010950037540169433,9.054100701177958e-06,0.0005460715619847178,0.0002211615355918184,2161306,2024-11-21
139,0.00013377933646552265,9.133212006418034e-05,-8.748218533582985e-05,0.0003516808501444757,0.0001322544558206573,2161306,2024-11-22
70,0.00010340175504097715,7.671899220440537e-05,-9.457483247388154e-05,0.0002929719630628824,0.00010771053348435089,2161306,2024-11-23
0,,,,,,2161306,2024-11-24
87,0.000129194202600047,5.8763063861988485e-05,-2.5892722987919115e-05,0.00030789573793299496,0.00013543074601329863,2161306,2024-11-25
0,,,,,,2161306,2024-11-26
0,,,,,,2161306,2024-11-27
90,8.12645666883327e-05,8.382277155760676e-05,-0.00016167716239579022,0.00024308267165906727,7.908699626568705e-05,2161306,2024-11-28
133,0.00016826532373670489,0.00012131880066590384,-0.0001344441989203915,0.00048563408199697733,0.00016286988102365285,2161306,2024-11-29
156,0.00027426891028881073,0.00014263471530284733,-0.0001078365312423557,0.000629809801466763,0.00027378019876778126,2161306,2024-11-30
139,0.00023785822850186378,0.00013133304310031235,7.189810276031494e-06,0.0007030388806015253,0.0002236955624539405,2161306,2024-12-01
0,,,,,,2161306,2024-12-02
8,0.00011511794582474977,3.682174428831786e-05,2.3055419660522602e-05,0.00014467444270849228,0.00011873927724082023,2161306,2024-12-03
10,9.302089893026277e-05,5.775520912720822e-05,4.2091428440471645e-06,0.0002180059382226318,9.127995872404426e-05,2161306,2024-12-04
51,0.00010985126573359594,8.602626621723175e-05,-9.956170833902434e-05,0.00030302058439701796,0.00011588900088099763,2161306,2024-12-05
1,0.00015010550851002336,0.0,0.00015010550851002336,0.00015010550851002336,0.00015010550851002336,2161306,2024-12-06
0,,,,,,2161306,2024-12-07
0,,,,,,2161306,2024-12-08
10,6.402524741133675e-05,4.728511339635588e-05,-1.297928156418493e-05,0.00012765752035193145,6.795777881052345e-05,2161306,2024-12-09
110,0.00017989020852837712,0.00010014318831963465,-8.368300041183829e-05,0.0004355674027465284,0.0001860317133832723,2161306,2024-12-10
0,,,,,,2161306,2024-12-11
0,,,,,,2161306,2024-12-12
0,,,,,,2161306,2024-12-13
0,,,,,,2161306,2024-12-14
0,,,,,,2161306,2024-12-15
156,0.00015752515173517168,0.00012179277109680697,-0.00017213397950399667,0.000575368816498667,0.00015084046754054725,2161306,2024-12-16
93,0.000200104623218067,9.453047823626548e-05,2.899494575103745e-05,0.00047055797767825425,0.0001853718131314963,2161306,2024-12-17
155,0.00020361172209959477,0.0001531901943963021,-0.00020487268920987844,0.0006544539937749505,0.00018435985839460045,2161306,2024-12-18
151,0.0002144336758647114,0.00012040808360325173,-0.00010860630573006347,0.0004734214162454009,0.00023830878490116447,2161306,2024-12-19
137,0.00023551867343485355,0.00012621226778719574,-5.0182457925984636e-05,0.0005843552062287927,0.00023881350352894515,2161306,2024-12-20
116,0.0001642352290218696,0.00011385824473109096,-6.537259469041601e-05,0.0004929325077682734,0.00015714250912424177,2161306,2024-12-21
156,0.00027975154807791114,0.00013172480976209044,-6.0005146224284545e-05,0.0006480718730017543,0.00028783222660422325,2161306,2024-12-22
156,0.00027121344464831054,0.00010756342817330733,5.2073519327677786e-05,0.0005431513418443501,0.0002557705156505108,2161306,2024-12-23
0,,,,,,2161306,2024-12-24
87,0.00022776242985855788,0.00013103371020406485,-5.58424653718248e-05,0.0005829219007864594,0.00022181485837791115,2161306,2024-12-25
26,0.00013282369764056057,6.455092807300389e-05,9.537803634884767e-06,0.0002559612621553242,0.00011921941040782258,2161306,2024-12-26
0,,,,,,2161306,2024-12-27
156,0.0002210017992183566,0.0001226993917953223,-0.00011887266737176105,0.0005280830664560199,0.00021798355737701058,2161306,2024-12-28
156,0.00018447589536663145,0.0001649104815442115,-0.00020132509234827012,0.000699417432770133,0.00017195550026372075,2161306,2024-12-29
2,5.966454409644939e-05,0.0,5.966454409644939e-05,5.966454409644939e-05,5.966454409644939e-05,2161306,2024-12-30
0,,,,,,2161306,2024-12-31
156,0.00025951050338335335,0.000132465036585927,-7.42129996069707e-05,0.000664631137624383,0.0002442429540678859,2161306,2025-01-01
78,0.0001987129944609478,0.00010334447142668068,-8.413971045229118e-06,0.0004165800928603858,0.00017355334421154112,2161306,2025-01-02
142,0.00020125445735175163,0.00018628711404744536,-0.000279529660474509,0.000799209694378078,0.00020575473899953067,2161306,2025-01-03
156,0.0002424264675937593,0.00011192940291948617,-1.0335954357287847e-05,0.0005418802029453218,0.00023391829745378345,2161306,2025-01-04
156,0.0003236165503039956,0.00013634505739901215,-0.0001351584360236302,0.0006862892187200487,0.00031458702869713306,2161306,2025-01-05
156,0.0002592672244645655,0.00013427376688923687,-2.02601859200513e-05,0.0006135226576589048,0.0002598453138489276,2161306,2025-01-06
25,0.00010217892122454941,7.291250949492678e-05,-3.940896931453608e-05,0.0002081852435367182,0.0001122093599406071,2161306,2025-01-07
26,0.00011259283928666264,4.043822627863847e-05,3.2758260203991085e-05,0.00020009060972370207,0.00010341113375034183,2161306,2025-01-08
13,0.00013267800386529416,0.0001201084814965725,-5.3045609092805535e-05,0.00025326915783807635,0.00021051526709925383,2161306,2025-01-09
0,,,,,,2161306,2025-01-10
93,0.00010188077430939302,8.887000876711681e-05,-0.00011620885197771713,0.0003364525910001248,0.00011841783270938322,2161306,2025-01-11
156,0.00022274866933003068,0.00014382005610968918,-0.00013826873328071088,0.000652100017759949,0.00020902966207358986,2161306,2025-01-12
156,0.00030395606881938875,0.00012343692651484162,5.823751780553721e-05,0.000585547648370266,0.0002836287021636963,2161306,2025-01-13
126,0.00016341391892638057,0.00014276317961048335,-0.00013401155592873693,0.0006659292848780751,0.00015147647354751825,2161306,2025-01-14
79,0.0001267095358343795,9.414379019290209e-05,-0.00016061062342487276,0.000360122270649299,0.00012668254203163087,2161306,2025-01-15
156,0.0002309186093043536,0.00013507084804587066,-0.00015420580166392028,0.0005444146227091551,0.00022679916583001614,2161306,2025-01-16
156,0.0002837582433130592,0.00013226267765276134,-4.31272856076248e-05,0.0006516021094284952,0.00028038263553753495,2161306,2025-01-17
0,,,,,,2161306,2025-01-18
21,4.0635444747749716e-05,0.00014717843441758305,-0.00024442013818770647,0.0003843829326797277,3.075585846090689e-05,2161306,2025-01-19
156,0.00027910442440770566,0.00013258129183668643,-2.5084194930968806e-05,0.000590194424148649,0.0002694424183573574,2161306,2025-01-20
156,0.00021087175991851836,0.00010653313074726611,-5.2484603656921536e-05,0.00048654561396688223,0.00021110106899868697,2161306,2025-01-21
0,,,,,,2161306,2025-01-22
0,,,,,,2161306,2025-01-23
0,,,,,,2161306,2025-01-24
0,,,,,,2161306,2025-01-25
0,,,,,,2161306,2025-01-26
146,0.00021613953867927194,0.00014618682325817645,-0.00014768287655897439,0.0006442934973165393,0.00022450470714829862,2161306,2025-01-27
115,0.00015060704026836902,9.673705790191889e-05,-6.661226507276297e-05,0.0003939424641430378,0.00014075102808419615,2161306,2025-01-28
21,0.00024972358369268477,0.00012399372644722462,2.8312944778008386e-05,0.00039372462197206914,0.0002648750087246299,2161306,2025-01-29
156,0.0001961393136298284,0.00014742636994924396,-0.00016044908261392266,0.0005882176337763667,0.00020315058645792305,2161306,2025-01-30
65,0.00012329452147241682,9.368314204039052e-05,-3.9535927498945966e-05,0.00039594678673893213,0.0001186652370961383,2161306,2025-01-31
24,7.913029548944905e-05,7.427667878801003e-05,-5.32322155777365e-05,0.00023667947971262038,8.209655061364174e-05,2161306,2025-02-01
1,-1.953568062162958e-05,0.0,-1.953568062162958e-05,-1.953568062162958e-05,-1.953568062162958e-05,2161306,2025-02-02
0,,,,,,2161306,2025-02-03
145,0.00014329272380564362,0.0001650771009735763,-0.0003053619584534317,0.0006473221583291888,0.00012472514936234802,2161306,2025-02-04
0,,,,,,2161306,2025-02-05
0,,,,,,2161306,2025-02-06
0,,,,,,2161306,2025-02-07
1,2.275719680255861e-06,0.0,2.275719680255861e-06,2.275719680255861e-06,2.275719680255861e-06,2161306,2025-02-08
0,,,,,,2161306,2025-02-09
0,,,,,,2161306,2025-02-10
154,0.0002212498220615089,0.00010480948549229652,-2.0600265997927636e-05,0.0005481162806972861,0.00020847799896728247,2161306,2025-02-11
15,8.227791840909049e-05,3.7162793887546286e-05,-7.474402082152665e-06,0.00015219046326819807,7.47969388612546e-05,2161306,2025-02-12
5,0.00013983293320052326,4.3486710637807846e-05,9.691801824374124e-05,0.00021057858248241246,0.00011076273221988231,2161306,2025-02-13
17,0.00017036861390806735,6.475362170021981e-05,8.010169403860345e-05,0.0002569612115621567,0.00018011542852036655,2161306,2025-02-14
0,,,,,,2161306,2025-02-15
0,,,,,,2161306,2025-02-16
0,,,,,,2161306,2025-02-17
0,,,,,,2161306,2025-02-18
0,,,,,,2161306,2025-02-19
0,,,,,,2161306,2025-02-20
0,,,,,,2161306,2025-02-21
0,,,,,,2161306,2025-02-22
0,,,,,,2161306,2025-02-23
0,,,,,,2161306,2025-02-24
0,,,,,,2161306,2025-02-25
0,,,,,,2161306,2025-02-26
0,,,,,,2161306,2025-02-27
0,,,,,,2161306,2025-02-28
0,,,,,,2161306,2025-03-01
0,,,,,,2161306,2025-03-02
0,,,,,,2161306,2025-03-03
139,0.00017371468129567802,9.028537169797346e-05,-2.5567091142875142e-05,0.0005825487314723432,0.00016355630941689014,2161306,2025-03-04
29,0.0001419054315192625,5.701104601030238e-05,6.81939854985103e-05,0.0003094470012001693,0.00012779344979207963,2161306,2025-03-05
0,,,,,,2161306,2025-03-06
7,0.00011861375242006034,4.1590108594391495e-05,6.731165922246873e-05,0.0001897212496260181,0.0001151592587120831,2161306,2025-03-07
0,,,,,,2161306,2025-03-08
0,,,,,,2161306,2025-03-09
0,,,,,,2161306,2025-03-10
1,0.00021572859259322286,0.0,0.00021572859259322286,0.00021572859259322286,0.00021572859259322286,2161306,2025-03-11
0,,,,,,2161306,2025-03-12
0,,,,,,2161306,2025-03-13
58,0.0001683527952991426,4.6123750507831573e-05,5.786081601399928e-05,0.0002538158732932061,0.00017059079254977405,2161306,2025-03-14
2,0.00014667632058262825,2.7201385819353163e-06,0.00014395617472473532,0.00014939645188860595,0.00014667632058262825,2161306,2025-03-15
16,0.00017511891201138496,5.644499105983414e-05,8.057563536567613e-05,0.00027437100652605295,0.0001706313487375155,2161306,2025-03-16
0,,,,,,2161306,2025-03-17
0,,,,,,2161306,2025-03-18
102,0.0002473178901709616,0.00013870254042558372,-7.27650840417482e-05,0.0005820553051307797,0.00024614250287413597,2161306,2025-03-19
115,0.00021147997176740319,9.386813326273113e-05,-1.9648257875815034e-05,0.000429015199188143,0.00019474215514492244,2161306,2025-03-20
156,0.00028548104455694556,0.00011796832404797897,2.7620941182249226e-05,0.0005282402853481472,0.00029270173399709165,2161306,2025-03-21
156,0.000295695528620854,0.00010239324910799041,3.301556716905907e-05,0.0005055849906057119,0.0003094671410508454,2161306,2025-03-22
156,0.00030350792803801596,0.00011746033123927191,1.4057148291612975e-05,0.0005656325374729931,0.0003096094005741179,2161306,2025-03-23
93,0.00023485615383833647,0.0001309867948293686,-0.00017832986486610025,0.00046720856335014105,0.00023819925263524055,2161306,2025-03-24
156,0.0003494140401016921,9.848674380918965e-05,0.00015313131734728813,0.0006268298602662981,0.00035088369622826576,2161306,2025-03-25
6,0.00016658911772537977,3.1636864150641486e-05,0.00010093228047480807,0.00019498745677992702,0.00017605439643375576,2161306,2025-03-26
9,0.00045969628263264894,0.00014832628949079663,0.00018094383995048702,0.0005883603007532656,0.0005181391024962068,2161306,2025-03-27
93,0.0003048875951208174,5.560960926231928e-05,0.00018198871111962944,0.0004271676589269191,0.0003014091635122895,2161306,2025-03-28
0,,,,,,2161306,2025-03-29
0,,,,,,2161306,2025-03-30
61,0.0002041350380750373,5.6296201364602894e-05,7.714711682638153e-05,0.0003137342573609203,0.0002077067329082638,2161306,2025-03-31
156,0.0002625758934300393,0.0001012821594486013,5.340744974091649e-05,0.0006080905441194773,0.00024560795282013714,2161306,2025-04-01
155,0.0003065878408960998,9.486388444202021e-05,0.00011618247663136572,0.0005768262781202793,0.00029812115826644003,2161306,2025-04-02
156,0.00029738876037299633,8.957150566857308e-05,3.059979644604027e-05,0.0004987318534404039,0.0003033648827113211,2161306,2025-04-03
154,0.0003405065799597651,0.0001270999782718718,-7.930239371489733e-05,0.0006450322107411921,0.0003395272942725569,2161306,2025-04-04
0,,,,,,2161306,2025-04-05
0,,,,,,2161306,2025-04-06
0,,,,,,2161306,2025-04-07
33,0.00021722995734307915,6.820671842433512e-05,0.00010071259021060541,0.0003468654758762568,0.0002232797269243747,2161306,2025-04-08
0,,,,,,2161306,2025-04-09
0,,,,,,2161306,2025-04-10
17,0.00021676822507288307,4.581286702887155e-05,0.0001406252122251317,0.0002968943736050278,0.00022501069179270416,2161306,2025-04-11
111,0.0004540958034340292,0.00015843467554077506,0.00018430834461469203,0.0008668592781759799,0.000422882818384096,2161306,2025-04-12
93,0.00010292727529304102,9.665506513556466e-05,-0.00014593606465496123,0.00032844458473846316,8.656295540276915e-05,2161306,2025-04-13
149,0.0003180030907969922,0.00018007398466579616,-3.947518052882515e-05,0.0009284272091463208,0.00027926272014155984,2161306,2025-04-14
156,0.00022679343237541616,0.00010203975398326293,-6.911631498951465e-05,0.0005092263454571366,0.00022519439517054707,2161306,2025-04-15
153,0.0002519862318877131,0.0001342765026492998,-0.00016023783246055245,0.0006843853043392301,0.000244867434957996,2161306,2025-04-16
70,0.0004786890058312565,0.000273868819931522,0.00010596525680739433,0.0015147266676649451,0.00048403986147604883,2161306,2025-04-17
150,0.0003149010881315917,0.00016771770606283098,-0.00034677397343330085,0.0010569606674835086,0.0002940652775578201,2161306,2025-04-18
48,0.0004799000162165612,0.0002249398676212877,9.468437929172069e-05,0.0009013043600134552,0.00047669143532402813,2161306,2025-04-19
156,0.00027713950839824975,0.0001529473374830559,-0.00013752722588833421,0.0007042376673780382,0.00028528636903502047,2161306,2025-04-20
52,0.00018635914602782577,8.639817679068074e-05,5.813772077090107e-05,0.00041290646186098456,0.00016619503730908036,2161306,2025-04-21
123,0.00033201900077983737,0.0001686406903900206,7.171784091042355e-05,0.0007891700370237231,0.0002960014098789543,2161306,2025-04-22
154,0.0004608768504112959,0.00014224291953723878,0.00014241899771150202,0.0008735425653867424,0.00046448520151898265,2161306,2025-04-23
8,0.000276831939117983,4.649213587981649e-05,0.00022548237757291645,0.0003530312969814986,0.0002600166480988264,2161306,2025-04-24
9,0.00013152915926184505,9.707886056276038e-05,8.135677489917725e-06,0.00025233536143787205,0.00016418247832916677,2161306,2025-04-25
21,0.0001668230106588453,5.154389873496257e-05,9.619504999136552e-05,0.0002484103024471551,0.00015280788647942245,2161306,2025-04-26
16,0.000235657615121454,7.409448880935088e-05,0.00014700155588798225,0.00036464285221882164,0.00021002336870878935,2161306,2025-04-28
10,0.00015982553304638714,7.434640428982675e-05,7.481790089514107e-05,0.0002629747032187879,0.00012843022705055773,2161306,2025-04-29
3,0.0001252464862773195,0.0,0.0001252464862773195,0.0001252464862773195,0.0001252464862773195,2161306,2025-04-30
102,0.00017292011762037873,8.964809239841998e-05,-5.798370693810284e-05,0.00039900094270706177,0.0001748918875819072,2161306,2025-05-01
133,0.00018535420531406999,0.0001089188372134231,-6.377979298122227e-05,0.000482315692352131,0.00017932167975232005,2161306,2025-05-02
91,0.00030701106879860163,0.00014140763960313052,1.393556158291176e-05,0.0008610673248767853,0.0003029735526069999,2161306,2025-05-03
139,0.0004074735043104738,0.00021944161562714726,-8.570487989345565e-05,0.001135454629547894,0.0003916932619176805,2161306,2025-05-04
156,0.00030601726029999554,8.846343553159386e-05,0.00010632428893586621,0.0005668048397637904,0.0002949056215584278,2161306,2025-05-05
116,0.0002149089559679851,8.473348134430125e-05,-1.352630351902917e-05,0.0004434789589140564,0.00020083252456970513,2161306,2025-05-06
120,0.00028798720450140536,0.00012748270819429308,7.225437730085105e-05,0.0006415022071450949,0.0002575963153503835,2161306,2025-05-07
156,0.0003852063964586705,0.0001296536938752979,1.0903961992880795e-05,0.0008385698311030865,0.0003793570213019848,2161306,2025-05-08
88,0.00028662983095273376,0.00010876650776481256,7.216727681225166e-05,0.0006144657381810248,0.000262207118794322,2161306,2025-05-09
0,,,,,,2161306,2025-05-10
31,0.00027924886671826243,0.00020513862546067685,-8.236810390371829e-05,0.0005850428715348244,0.0003110375255346298,2161306,2025-05-11
156,0.0002508148900233209,0.00010880688932957128,3.555545481503941e-05,0.0005610493826679885,0.0002547453041188419,2161306,2025-05-12
145,0.0002555139653850347,0.00011336246825521812,3.19128084811382e-05,0.0006050705560483038,0.00025046986411325634,2161306,2025-05-13
41,0.00015557259030174464,5.6908240367192775e-05,1.0934768397419248e-05,0.00025149155408143997,0.00015967548824846745,2161306,2025-05-14
98,0.00023449334548786283,0.00013063930964563042,-0.0002031878975685686,0.000730480533093214,0.00021567406656686217,2161306,2025-05-15
5,0.00023076144861988723,5.993569357087836e-05,0.0001818241726141423,0.0003041673917323351,0.0001818241726141423,2161306,2025-05-16
0,,,,,,2161306,2025-05-17
116,0.00019263506692368537,0.00010994119656970724,-3.356303568580188e-05,0.0005799766513518989,0.00018241140060126781,2161306,2025-05-18
84,0.00016405376663897187,0.00010689379269024357,1.5979261661414057e-05,0.0005613783141598105,0.00013378963922150433,2161306,2025-05-19
61,0.00028485769871622324,0.0001948434510268271,3.611031934269704e-05,0.001240226672962308,0.000247783464146778,2161306,2025-05-20
108,0.00033467935281805694,0.0001002076460281387,0.00010835545253939927,0.0005640183808282018,0.0003435488906688988,2161306,2025-05-21
35,0.00018492939125280827,0.0001017139438772574,-1.6305713188558002e-06,0.0003866831539198756,0.00021013017976656556,2161306,2025-05-22
0,,,,,,2161306,2025-05-23
0,,,,,,2161306,2025-05-24
0,,,,,,2161306,2025-05-25
0,,,,,,2161306,2025-05-26
0,,,,,,2161306,2025-05-27
79,0.0001044377131620422,7.05955462763086e-05,-5.3095882321940735e-05,0.0002654378185980022,0.00010131997260032222,2161306,2025-05-28
0,,,,,,2161306,2025-05-29
48,0.00013671194028574973,7.470271521015093e-05,3.413646254557534e-06,0.0003787861787714064,0.00012864703603554517,2161306,2025-05-30
156,0.00018658665067050606,9.778865205589682e-05,-8.964914741227403e-05,0.00041351994150318205,0.00019577870261855423,2161306,2025-05-31
156,0.0001477499317843467,0.00012647593393921852,-0.00016395249986089766,0.0004536270862445235,0.00016178343503270298,2161306,2025-06-01
156,0.00022591273591388017,0.00012060380686307326,-6.362388376146555e-05,0.0004920608480460942,0.0002445143472868949,2161306,2025-06-02
97,0.00032371439738199115,0.0001865578960860148,-0.00042945516179315746,0.0007447731331922114,0.00031375265098176897,2161306,2025-06-03
103,0.00020362454233691096,9.696337656350806e-05,2.0399204004206695e-05,0.000511687365360558,0.00019799948495347053,2161306,2025-06-04
98,0.00030016698292456567,0.00014119080151431262,4.048817208968103e-05,0.000772144878283143,0.00027884155861102045,2161306,2025-06-05
92,0.0003231758309993893,0.00017899664817377925,3.308440136606805e-05,0.0007663847063668072,0.00030280713690444827,2161306,2025-06-06
53,0.00019464951765257865,0.00011134411033708602,2.1434181689983234e-05,0.0004468348925001919,0.00018481665756553411,2161306,2025-06-07
47,0.000262653426034376,0.0001607184240128845,-0.00021371571347117424,0.0005400800728239119,0.0002544246963225305,2161306,2025-06-08
88,0.0002933070354629308,0.00014310822007246315,4.145520142628811e-05,0.0006662090308964252,0.0002959643898066133,2161306,2025-06-09
37,0.00020439970830921084,0.00010665182344382629,-3.6570654629031196e-05,0.0004706776817329228,0.0001953736209543422,2161306,2025-06-10
129,0.0001778602018021047,9.539109305478632e-05,-0.00011753010767279193,0.00037512232665903866,0.00018542067846283317,2161306,2025-06-11
67,0.0001752315292833373,0.00014365573588293046,-0.00016642981790937483,0.00045326328836381435,0.00018113318947143853,2161306,2025-06-12
148,0.00016472033166792244,0.0001348486403003335,-0.00016498069453518838,0.0005807022098451853,0.00013922405196353793,2161306,2025-06-13
155,0.000215478939935565,0.00014434385229833424,-0.00012406385212671012,0.00079401268158108,0.0002188051730627194,2161306,2025-06-14
128,0.00035507939173839986,0.00019869695825036615,-8.22046204120852e-05,0.0013314861571416259,0.00033020367845892906,2161306,2025-06-15
0,,,,,,2161306,2025-06-16
140,0.00018447246111463755,0.0001566297869430855,-0.00018705299589782953,0.0005334304878488183,0.00017033025505952537,2161306,2025-06-18
65,0.00030101314769126475,0.0001939426874741912,-0.00010764259059214965,0.0008278026361949742,0.00032753797131590545,2161306,2025-06-19
15,0.00016438511374872178,0.0001449249975848943,-2.9036495106993243e-05,0.00045840683742426336,0.00018339870439376682,2161306,2025-06-20
2,0.00023774267174303532,9.528302325634286e-05,0.00014245965576265007,0.0003330257022753358,0.00023774267174303532,2161306,2025-06-21
0,,,,,,2161306,2025-06-22
60,0.00025838741566985846,0.0001486470428062603,-8.287063974421471e-05,0.0007209713803604245,0.0002565648755989969,2161306,2025-06-23
43,0.00034096467425115407,0.00024267345725093037,9.420820788363926e-06,0.0011377163464203477,0.00028575214673765004,2161306,2025-06-24
136,0.0002387992717558518,0.00017421806114725769,-0.00022983603412285447,0.0009288780274800956,0.00022812237148173153,2161306,2025-06-25
144,0.00028877705335617065,0.00014957526582293212,-3.2643627491779625e-05,0.0009228683775290847,0.00027608033269643784,2161306,2025-06-26
0,,,,,,2161306,2025-06-27
3,0.00034864581539295614,3.495650162221864e-05,0.0003239278157707304,0.00039808175642974675,0.0003239278157707304,2161306,2025-06-28
23,0.000169154183822684,0.00010124347318196669,3.155688682454638e-05,0.00039289603591896594,0.0001264825405087322,2161306,2025-06-29
83,0.00029826004174537957,0.00014172603550832719,-0.0001591862819623202,0.0005673693958669901,0.000288951036054641,2161306,2025-06-30
25,0.00019772315863519907,9.09223745111376e-05,2.1751327949459665e-05,0.0003292260807938874,0.00021879226551391184,2161306,2025-07-01
0,,,,,,2161306,2025-07-02
0,,,,,,2161306,2025-07-03
102,0.0002297267783433199,0.00010381626634625718,4.742856617667712e-06,0.0004150526656303555,0.0002543462032917887,2161306,2025-07-04
132,0.00022774229000788182,9.208430128637701e-05,-2.1292349629220553e-05,0.0004450668639037758,0.00023074584896676242,2161306,2025-07-05
42,0.00032760261092334986,0.00017385731916874647,-8.826139674056321e-05,0.000767801480833441,0.00030248932307586074,2161306,2025-07-06
143,0.0002492107159923762,0.00011543367872945964,-1.7071401089197025e-05,0.0005925980512984097,0.00023880576191004366,2161306,2025-07-07
147,0.00033072265796363354,0.0001485363463871181,-2.4982859031297266e-05,0.0007821812760084867,0.00034339464036747813,2161306,2025-07-08
152,0.0002732351131271571,0.0001526668347651139,-1.2928355317853857e-05,0.0007686797762289643,0.0002732842694967985,2161306,2025-07-09
156,0.0002883100532926619,0.00011876446660608053,8.120544407574926e-06,0.0006201356300152838,0.0003031324013136327,2161306,2025-07-10
20,0.00027688813861459494,0.0001439323095837608,1.970476114365738e-05,0.0004786665958818048,0.00028195726918056607,2161306,2025-07-11
0,,,,,,2161306,2025-07-12
126,0.00020223688625264913,0.00010031455894932151,5.740501819673227e-06,0.0005136366235092282,0.00018647061369847506,2161306,2025-07-13
0,,,,,,2161306,2025-07-14
101,0.00033873834763653576,0.00015325086133088917,6.885443144710734e-05,0.0006553822313435376,0.0003295918577350676,2161306,2025-07-15
31,0.0004002552304882556,0.0002731176500674337,1.5386422091978602e-05,0.0011209938675165176,0.0003837705298792571,2161306,2025-07-16
138,0.00020113022765144706,0.00012210954446345568,-0.00011563935549929738,0.0005614611436612904,0.00018776151409838349,2161306,2025-07-17
156,0.00031806575134396553,0.00014591410581488162,1.2711828389910806e-07,0.0006881224690005183,0.00030694095767103136,2161306,2025-07-18
147,0.0004904476809315383,0.00017462499090470374,9.056357521330938e-05,0.0010634493082761765,0.0004769451916217804,2161306,2025-07-19
0,,,,,,2161306,2025-07-20
0,,,,,,2161306,2025-07-21
0,,,,,,2161306,2025-07-22
51,0.00020322341879364103,0.00019614631310105324,-0.0001393162237945944,0.0007780141313560307,0.00016081848298199475,2161306,2025-07-23
69,0.000320598715916276,0.00017623121675569564,-7.894530426710844e-05,0.0008024440030567348,0.00031486869556829333,2161306,2025-07-24
0,,,,,,2161306,2025-07-25
137,0.00018427711620461196,7.890191045589745e-05,2.0635174223571084e-05,0.000384570041205734,0.00018486716726329178,2161306,2025-07-26
155,0.00020319009490776807,9.687162673799321e-05,1.0256744644721039e-05,0.0006395775126293302,0.0001996545761357993,2161306,2025-07-27
152,0.0002625240886118263,9.739317465573549e-05,-2.3997215976123698e-05,0.0005613300018012524,0.00026575609808787704,2161306,2025-07-28
156,0.0003429833159316331,0.00010421185288578272,0.00012670202704612166,0.0006586823728866875,0.00033336543128825724,2161306,2025-07-29
136,0.0005794739117845893,0.00024986511562019587,0.00013479645713232458,0.0012696494814008474,0.0005400008521974087,2161306,2025-07-30
149,0.0003210124559700489,0.00011765658564399928,5.4613312386209145e-05,0.0006483096512965858,0.00031806077458895743,2161306,2025-07-31
139,0.0002507628523744643,0.00012647989206016064,-0.00011941941193072125,0.0006358238169923425,0.00024120177840813994,2161306,2025-08-01
156,0.0002862524997908622,0.000119196338346228,3.92536458093673e-06,0.0006045321933925152,0.00028588902205228806,2161306,2025-08-02
156,0.0002705231017898768,0.00010162901889998466,-9.661978401709348e-05,0.0005143949529156089,0.00027273775776848197,2161306,2025-08-03
156,0.0002625675406306982,0.00010367857612436637,1.376138607156463e-05,0.0004511647275649011,0.00027732859598472714,2161306,2025-08-04
0,,,,,,2161306,2025-08-05
0,,,,,,2161306,2025-08-06
19,0.00028613905305974185,0.00010608458251226693,3.56626114808023e-05,0.0004448777181096375,0.00027473398949950933,2161306,2025-08-07
148,0.0002513932413421571,0.00012753915507346392,-8.043871639529243e-05,0.0006138049648143351,0.0002506751334294677,2161306,2025-08-08
156,0.00024297759227920324,0.000129635795019567,-1.938404602697119e-05,0.0006897295825183392,0.0002463055425323546,2161306,2025-08-09
0,,,,,,2161306,2025-08-10
133,0.00026308608357794583,0.00015030615031719208,-3.869958163704723e-06,0.0006799049442633986,0.000244393217144534,2161306,2025-08-11
126,0.00019069506379310042,0.00011800611537182704,-7.602411642437801e-05,0.0007283746381290257,0.00017918973753694445,2161306,2025-08-12
141,0.0002203283365815878,0.00010229309555143118,-5.3869378461968154e-05,0.0005006304709240794,0.00021158537128940225,2161306,2025-08-13
20,0.0005726625095121562,0.00021415995433926582,0.0002621989115141332,0.0010266239987686276,0.0005610937951132655,2161306,2025-08-14
0,,,,,,2161306,2025-08-15
15,0.00018810191249940544,8.333227742696181e-05,7.858473691157997e-05,0.0003317996161058545,0.00020419630163814873,2161306,2025-08-16
26,0.00027393604977987707,0.00019403260375838727,-4.859456021222286e-05,0.0007373185944743454,0.0002662811893969774,2161306,2025-08-17
0,,,,,,2161306,2025-08-18
0,,,,,,2161306,2025-08-19
121,0.000179609443875961,8.529735350748524e-05,-8.013258047867566e-05,0.00031765695894137025,0.00019769967184402049,2161306,2025-08-20
0,,,,,,2161306,2025-08-21
124,0.0001837240270106122,0.00013066234532743692,-0.0001001464988803491,0.000545560906175524,0.00016378433792851865,2161306,2025-08-22
77,0.00016865409270394593,0.00016962816880550236,-0.00044899474596604705,0.0006349332397803664,0.00016350825899280608,2161306,2025-08-23
43,0.00021644025400746614,0.00014638637367170304,-0.0001022398064378649,0.000541861227247864,0.00023379127378575504,2161306,2025-08-24
0,,,,,,2161306,2025-08-25
0,,,,,,2161306,2025-08-26
3,0.0002600312000140548,2.298516483278945e-05,0.00022752527729608119,0.0002762841759249568,0.0002762841759249568,2161306,2025-08-27
88,0.00020599957497324795,0.00012827712635044008,-0.00010448594548506662,0.0006438029813580215,0.00018773580086417496,2161306,2025-08-28
33,0.00019934138981625438,0.000130490938317962,1.3420112736639567e-05,0.0005516769597306848,0.00015007323236204684,2161306,2025-08-29
18,0.0002149742067558691,0.00026983965653926134,-3.5134784411638975e-05,0.0009205871028825641,0.0001749058865243569,2161306,2025-08-30
29,9.948897786671296e-05,0.00011606949556153268,-0.00023519598471466452,0.00030226854141801596,9.892986417980865e-05,2161306,2025-08-31
17,0.00017635952099226415,0.00016519922064617276,6.7091027631249744e-06,0.00045841268729418516,7.7778437116649e-05,2161306,2025-09-01
84,0.00016137152852024883,8.270237594842911e-05,3.883990302711027e-06,0.00037329309270717204,0.0001528592110844329,2161306,2025-09-02
155,0.00018148707749787718,0.00010647116141626611,-7.359212031587958e-05,0.00041743225301615894,0.00017141472199000418,2161306,2025-09-03
156,0.00019791639351751655,0.00010795850539579988,-7.089308928698301e-05,0.0004848201060667634,0.00018289947183802724,2161306,2025-09-04
156,0.00020975182997062802,8.907881419872865e-05,4.504402750171721e-05,0.0004204440047033131,0.0002031444601016119,2161306,2025-09-05
149,0.00020641586161218584,9.901726298267022e-05,-3.325760553707369e-05,0.0005455224891193211,0.0002093077200697735,2161306,2025-09-06
151,0.00021709923748858273,9.200822387356311e-05,-0.00010104686225531623,0.0004748567589558661,0.00022146888659335673,2161306,2025-09-07
141,0.0002564486057963222,0.00012034613610012457,-4.526867269305512e-05,0.0005383337265811861,0.00025653213378973305,2161306,2025-09-08
0,,,,,,2161306,2025-09-09
85,0.0002721987839322537,7.652532804058865e-05,0.0001224952284246683,0.0004020803899038583,0.00027687233523465693,2161306,2025-09-10
33,0.00016443507047370076,0.00026934529887512326,-0.0003508727240841836,0.0007218142854981124,0.00020384577510412782,2161306,2025-09-11
93,0.00028338690754026175,0.00015682767843827605,-4.145348793826997e-05,0.0006360013503581285,0.00026971593615598977,2161306,2025-09-12
139,0.00027407825109548867,0.0001600911928107962,-7.365887722698972e-05,0.0006521640461869538,0.0002559286367613822,2161306,2025-09-13
108,0.00030641313060186803,0.00019988841086160392,-0.0002755393215920776,0.0010679783299565315,0.0002609260263852775,2161306,2025-09-14
58,0.00032774361898191273,0.00016361410962417722,3.589018160710111e-05,0.0009194751037284732,0.0003115121799055487,2161306,2025-09-15
143,0.00019355534459464252,0.00012692203745245934,-0.00020311807747930288,0.000502015755046159,0.00020741116895806044,2161306,2025-09-16
0,,,,,,2161306,2025-09-17
82,0.00016849208623170853,0.00010367705544922501,-2.3089518435881473e-05,0.00042392031173221767,0.00016082331421785057,2161306,2025-09-18
80,0.00015416144742630422,8.846510900184512e-05,-9.169055556412786e-05,0.0003727881994564086,0.00017156428657472134,2161306,2025-09-19
0,,,,,,2161306,2025-09-20
95,0.00030251170392148197,0.00018732841999735683,0.00013918749755248427,0.0012377428356558084,0.0002583770838100463,2161306,2025-09-21
50,0.0001616985391592607,4.7292363888118416e-05,1.711233562673442e-05,0.00024455308448523283,0.00016162885003723204,2161306,2025-09-22
154,0.00017928978195413947,8.857219654601067e-05,-3.1905521609587595e-05,0.00042461714474484324,0.00017577101243659854,2161306,2025-09-23
127,0.00013250937627162784,9.868499910226092e-05,-8.048029121709988e-05,0.00037433672696352005,0.00013261372805573046,2161306,2025-09-24
0,,,,,,2161306,2025-09-25
0,,,,,,2161306,2025-09-26
127,8.496607915731147e-05,9.49566310737282e-05,-0.0001521782105555758,0.00036855696816928685,8.966302266344428e-05,2161306,2025-09-27
4,7.059758354444057e-05,9.766157018020749e-05,-8.223884651670232e-05,0.00017080667021218687,9.691125160316005e-05,2161306,2025-09-28
0,,,,,,2161306,2025-09-29
0,,,,,,2161306,2025-09-30
2,2.3432628950104117e-05,0.0002610775991342962,-0.00023764497018419206,0.0002845102280844003,2.3432628950104117e-05,2161306,2025-10-01
141,0.0001985232811421156,0.00014887607540003955,-0.00011515613732626662,0.000690694258082658,0.00018337926303502172,2161306,2025-10-02
153,0.00014897547953296453,9.14796837605536e-05,-8.932293712859973e-05,0.0004730078508146107,0.0001477990299463272,2161306,2025-10-03
132,0.00021754713088739663,0.00013656506780534983,-0.00012641851208172739,0.0007564624538645148,0.0002133434172719717,2161306,2025-10-04
155,0.00022215131320990622,9.703230170998722e-05,2.370038055232726e-05,0.0004865588853135705,0.0002179264120059088,2161306,2025-10-05
0,,,,,,2161306,2025-10-06
0,,,,,,2161306,2025-10-07
101,0.00015490656369365752,8.774692832957953e-05,-2.64200189121766e-05,0.00035036136978305876,0.00015453004743903875,2161306,2025-10-08
144,0.00017386511899530888,8.487438753945753e-05,-5.45936418347992e-05,0.0004610587493516505,0.00016838512965478003,2161306,2025-10-09
154,0.0002181109884986654,9.71788031165488e-05,-1.373805571347475e-05,0.0004758533905260265,0.000206929660635069,2161306,2025-10-10
67,0.00024280660727526993,0.00016829076048452407,-0.0001005919257295318,0.0008999513229355216,0.0002082560386043042,2161306,2025-10-11
146,0.00018517729768063873,9.763877460500225e-05,1.2984136219529319e-06,0.0004529092402663082,0.00018807267770171165,2161306,2025-10-12
0,,,,,,2161306,2025-10-13
0,,,,,,2161306,2025-10-14
93,0.0001431833952665329,8.913432247936726e-05,-0.00013056950410827994,0.0003426168696023524,0.00014037932851351798,2161306,2025-10-15
134,0.0001902473741210997,0.00011970682680839673,-8.455547504127026e-05,0.0005955624510534108,0.00017530228069517761,2161306,2025-10-16
153,0.00017765752272680402,9.024274186231196e-05,-2.2780919607612304e-05,0.0004192666383460164,0.00017678632866591215,2161306,2025-10-17
143,0.00011747425742214546,9.13852418307215e-05,-8.111741772154346e-05,0.00036085210740566254,0.00012187453103251755,2161306,2025-10-18
52,0.0001568697189213708,6.161937199067324e-05,2.079168552882038e-05,0.0003170499112457037,0.0001532273308839649,2161306,2025-10-19
142,0.0001092087768483907,6.57867785776034e-05,-7.800604362273589e-05,0.0003001503646373749,0.0001069058635039255,2161306,2025-10-20
47,0.0001270606298930943,9.903242607833818e-05,-3.038987415493466e-05,0.0004913973971270025,0.00011243370681768283,2161306,2025-10-21
45,0.0002601092273835093,0.00016742697334848344,-9.437459812033921e-05,0.0005545921740122139,0.00023883361427579075,2161306,2025-10-22
0,,,,,,2161306,2025-10-23
0,,,,,,2161306,2025-10-24
16,0.00012074045662302524,7.630937034264207e-05,1.3161530659999698e-05,0.000272022356512025,0.00010351010860176757,2161306,2025-10-25
115,0.00015525973867624998,0.00013533723540604115,-0.0001357534056296572,0.0005307244719006121,0.00013574851618614048,2161306,2025-10-26
112,0.000122601559269242,9.297658107243478e-05,-0.00013913762813899666,0.0003452099917922169,0.0001315097906626761,2161306,2025-10-27
19,0.00027610291726887226,0.00012164893269073218,4.9783520807977766e-05,0.00048716756282374263,0.00031286486773751676,2161306,2025-10-28
2,0.00010884182847803459,0.0,0.00010884182847803459,0.00010884182847803459,0.00010884182847803459,2161306,2025-10-29
0,,,,,,2161306,2025-10-30
0,,,,,,2161306,2025-10-31
0,,,,,,2161306,2025-11-01
0,,,,,,2161306,2025-11-02
0,,,,,,2161306,2025-11-03
0,,,,,,2161306,2025-11-04
4,0.00017868613940663636,0.00013149509322829545,1.7938857126864605e-05,0.0003487124922685325,0.00017404661048203707,2161306,2025-11-05
0,,,,,,2161306,2025-11-06
0,,,,,,2161306,2025-11-07
30,0.00012371935008559376,7.451933197444305e-05,-1.8986198483617045e-05,0.00023501475516241044,0.0001453154836781323,2161306,2025-11-08
0,,,,,,2161306,2025-11-09
0,,,,,,2161306,2025-11-10
0,,,,,,2161306,2025-11-11
140,0.0001403153728460893,0.0001241783902514726,-0.00025405085762031376,0.0005268444656394422,0.00013384674093686044,2161306,2025-11-12
156,0.00013720881543122232,0.00012485573824960738,-0.00024124239280354232,0.0003911198873538524,0.00016404149937443435,2161306,2025-11-13
156,0.00013660654076375067,0.00017198357090819627,-0.00030566888744942844,0.0006329826428554952,0.00013201910769566894,2161306,2025-11-14
156,0.00017033980111591518,0.0001126090282923542,-0.00021365877182688564,0.0004548237775452435,0.00015751662431284785,2161306,2025-11-15
108,0.00015323412662837654,0.00013851879339199513,-0.0001788537483662367,0.00046664514229632914,0.0001549354929011315,2161306,2025-11-16
0,,,,,,2161306,2025-11-17
0,,,,,,2161306,2025-11-18
0,,,,,,2161306,2025-11-19
156,0.000146944890730083,0.00011338479816913605,-0.00013398221926763654,0.00040891076787374914,0.00013553736789617687,2161306,2025-11-20
156,0.00017048217705450952,0.0001366316864732653,-0.00019062162027694285,0.00047229568008333445,0.0001636779634281993,2161306,2025-11-21
149,0.00012431795767042786,0.00013539187784772366,-0.00021952831593807787,0.0006127301603555679,0.00014108388859312981,2161306,2025-11-22
156,0.0003213898744434118,0.00014360423665493727,-4.874738078797236e-05,0.0007314181420952082,0.0003116036532446742,2161306,2025-11-23
156,0.0002880531537812203,0.00011226398055441678,9.381283234688453e-06,0.0005525443702936172,0.00027582678012549877,2161306,2025-11-24
156,0.0002446626021992415,0.00013384915655478835,-7.415658910758793e-05,0.0005822830717079341,0.0002287514798808843,2161306,2025-11-25
156,0.00014651112724095583,0.0001476268080295995,-0.00018959815497510135,0.000678905111271888,0.0001578024821355939,2161306,2025-11-26
156,0.00011120705312350765,0.00013932984438724816,-0.0002884622954297811,0.0004534057225100696,0.00011987274774583057,2161306,2025-11-27
156,0.00012132413394283503,0.00012917017738800496,-0.00019583226821850985,0.00040904193883761764,0.00012552528642117977,2161306,2025-11-28
156,0.00018568479572422802,0.00013971595035400242,-0.0002362217055633664,0.00046937810839153826,0.00020188550115562975,2161306,2025-11-29
154,0.0001333647087449208,0.00017097585077863187,-0.000269493815721944,0.00067387759918347,0.00012497093121055514,2161306,2025-11-30
155,0.000123072590213269,0.00011127513425890356,-9.793844947125763e-05,0.00047973229084163904,0.00011474610073491931,2161306,2025-12-01
148,0.00017621798906475306,0.00011533353244885802,-3.2798940083011985e-05,0.000594793469645083,0.00015762221300974488,2161306,2025-12-02
20,0.00012126842193538323,6.679308717139065e-05,-2.344871245441027e-05,0.00025647389702498913,0.00012122240877943113,2161306,2025-12-03
12,7.873000140534714e-05,5.909594619879499e-05,-1.2018424513371428e-06,0.00014365215611178428,8.608629286754876e-05,2161306,2025-12-04
0,,,,,,2161306,2025-12-05
0,,,,,,2161306,2025-12-06
16,0.00010149338049814105,5.6638884416315705e-05,-6.0751033743144944e-05,0.00019664423598442227,0.00010261194256599993,2161306,2025-12-07
152,0.00013753617531619966,0.00011166180047439411,-0.00018557850853540003,0.00046281307004392147,0.00012751716712955385,2161306,2025-12-08
139,0.00015974193229340017,9.284148836741224e-05,-0.00010452899005031213,0.0003989596734754741,0.00014511712652165443,2161306,2025-12-09
122,0.00016809710359666497,9.959998715203255e-05,-8.251069084508345e-05,0.0004340265295468271,0.00014980867854319513,2161306,2025-12-10
0,,,,,,2161306,2025-12-11
0,,,,,,2161306,2025-12-12
0,,,,,,2161306,2025-12-13
129,0.00012530802632682025,0.00012266664998605847,-0.00020400999346747994,0.000512782484292984,0.00011957643437199295,2161306,2025-12-14
116,0.00010581386595731601,0.00010584680421743542,-0.00011718586029019207,0.0004880139895249158,9.27319415495731e-05,2161306,2025-12-15
0,,,,,,2161306,2025-12-16
1,3.501291939755902e-05,0.0,3.501291939755902e-05,3.501291939755902e-05,3.501291939755902e-05,2161306,2025-12-17
129,0.00012303882976993918,0.00010138947982341051,-0.00010125721018994227,0.000486045319121331,0.00010801521420944482,2161306,2025-12-18
148,0.00014161373837850988,0.00010422225022921339,-9.563448111293837e-05,0.0005291044362820685,0.00012427434558048844,2161306,2025-12-19
111,7.144585106289014e-05,5.789837086922489e-05,-8.69547511683777e-05,0.00019931374117732048,7.651306805200875e-05,2161306,2025-12-20
78,9.302916441811249e-05,7.523845124524087e-05,-0.000128718456835486,0.00022117924527265131,0.0001045832977979444,2161306,2025-12-21
76,8.20607237983495e-05,6.421826401492581e-05,-7.362466567428783e-05,0.00018267564882989973,8.100692502921447e-05,2161306,2025-12-22
62,6.516624853247777e-05,8.981507562566549e-05,-0.00013208088057581335,0.00026653995155356824,7.451538112945855e-05,2161306,2025-12-23
101,9.076432615984231e-05,8.041681576287374e-05,-0.00017615966498851776,0.00034885795321315527,8.717757737031206e-05,2161306,2025-12-24
20,7.471656135749072e-05,9.590903937350959e-05,-0.00010927129187621176,0.0002509707410354167,6.733180634910241e-05,2161306,2025-12-25
156,0.0001754862896632403,0.00011706879740813747,-0.00015567273658234626,0.0005150745273567736,0.00017699817544780672,2161306,2025-12-26
0,,,,,,2161306,2025-12-27
23,6.823258445365354e-05,4.768052531289868e-05,-3.08769776893314e-05,0.0001556909701321274,7.392380939563736e-05,2161306,2025-12-28
0,,,,,,2161306,2025-12-29
1,6.595896411454305e-05,0.0,6.595896411454305e-05,6.595896411454305e-05,6.595896411454305e-05,2161306,2025-12-30
0,,,,,,2161306,2025-12-31
10,0.0001279769785469398,8.410449663642794e-05,5.709183824365027e-06,0.0002310057170689106,0.00012625244562514126,2161306,2026-01-01
0,,,,,,2161306,2026-01-02
0,,,,,,2161306,2026-01-03
53,8.838275243761018e-05,6.430489156628028e-05,-3.8337642763508484e-05,0.00023410723952110857,8.501185948261991e-05,2161306,2026-01-04
0,,,,,,2161306,2026-01-05
0,,,,,,2161306,2026-01-06
156,0.00014501914847642183,0.00010093877790495753,-0.0001167136215372011,0.00041910444269888103,0.00014983104483690113,2161306,2026-01-07
156,0.0001774236880009994,0.00010258044494548813,-0.0001088831340894103,0.00043446311610750854,0.0001781882019713521,2161306,2026-01-08
156,0.00020371288701426238,0.00013764327741228044,-0.00013158112415112555,0.0005684379138983786,0.000196498614968732,2161306,2026-01-09
156,0.0001871739368652925,0.00010419655154692009,-0.00010929031122941524,0.000490895879920572,0.00018087800708599389,2161306,2026-01-10
156,0.0002050642651738599,9.17909637792036e-05,-3.959139212383889e-05,0.00041118243825621903,0.00021058623678982258,2161306,2026-01-11
129,0.00013981280790176243,9.311133908340707e-05,-6.050069350749254e-05,0.0005264018545858562,0.00012494315160438418,2161306,2026-01-12
156,0.00012826033344026655,0.00011582364822970703,-0.0001372366095893085,0.000420203257817775,0.00013012249837629497,2161306,2026-01-13
149,0.00018258650379721075,0.00011034290946554393,-6.214581662788987e-05,0.00042897535604424775,0.00016944707022048533,2161306,2026-01-14
0,,,,,,2161306,2026-01-15
0,,,,,,2161306,2026-01-16
5,6.738363299518824e-05,7.063931116135791e-05,-1.8536562492954545e-05,0.00013221314293332398,0.00010956501500913873,2161306,2026-01-17
56,8.431908645434305e-05,5.4317522881319746e-05,-5.1452287152642384e-05,0.0002174222026951611,9.171178680844605e-05,2161306,2026-01-18
38,8.198909927159548e-05,0.00010745956387836486,-0.0003822333237621933,0.00033394285128451884,7.048554834909737e-05,2161306,2026-01-19
38,7.311278022825718e-05,8.719605102669448e-05,-0.0001860431511886418,0.00033131142845377326,6.890244549140334e-05,2161306,2026-01-20
0,,,,,,2161306,2026-01-21
2,7.606446160934865e-05,0.0,7.606446160934865e-05,7.606446160934865e-05,7.606446160934865e-05,2161306,2026-01-22
0,,,,,,2161306,2026-01-23
0,,,,,,2161306,2026-01-24
0,,,,,,2161306,2026-01-25
0,,,,,,2161306,2026-01-26
1,0.00011318684119032696,0.0,0.00011318684119032696,0.00011318684119032696,0.00011318684119032696,2161306,2026-01-27
54,0.00011128415644634515,4.927286863676272e-05,-4.545473075268092e-06,0.00023062250693328679,0.00012313279148656875,2161306,2026-01-28
23,8.050049655139446e-05,6.561026384588331e-05,-7.295182149391621e-05,0.00020444182155188173,7.9878001997713e-05,2161306,2026-01-29
2,9.85753104032483e-06,4.314557008910924e-05,-3.3288040867773816e-05,5.3003102948423475e-05,9.85753104032483e-06,2161306,2026-01-30
4,0.00010768414358608425,7.620649284945102e-06,9.777870582183823e-05,0.00011716276640072465,0.00010789754742290825,2161306,2026-01-31
83,0.00010896026651607826,6.617678445763886e-05,-5.0443446525605395e-05,0.0002879974781535566,0.00011830015137093142,2161306,2026-02-01
0,,,,,,2161306,2026-02-02
0,,,,,,2161306,2026-02-03
1,5.5609179980820045e-05,0.0,5.5609179980820045e-05,5.5609179980820045e-05,5.5609179980820045e-05,2161306,2026-02-04
0,,,,,,2161306,2026-02-05
45,0.00012833300570491701,4.723385063698515e-05,4.3288131564622745e-05,0.00020300858886912465,0.00013878944446332753,2161306,2026-02-06
0,,,,,,2161306,2026-02-07
0,,,,,,2161306,2026-02-08
0,,,,,,2161306,2026-02-09
120,0.00018456942052580416,0.00010522318916628137,1.5184011772362282e-06,0.0005391070153564215,0.00017030592425726354,2161306,2026-02-10
0,,,,,,2161306,2026-02-11
5,8.250905375462025e-05,9.001732905744575e-06,7.148422446334735e-05,8.985893509816378e-05,8.985893509816378e-05,2161306,2026-02-12
0,,,,,,2161306,2026-02-13
0,,,,,,2161306,2026-02-14
102,0.00014125074085313827,7.654959335923195e-05,-5.762062210123986e-05,0.00044813400018028915,0.0001301089650951326,2161306,2026-02-15
127,0.0001519048964837566,6.688143184874207e-05,-3.969261797465151e-06,0.0003524415078572929,0.0001504814572399482,2161306,2026-02-16
0,,,,,,2161306,2026-02-17
0,,,,,,2161306,2026-02-18
0,,,,,,2161306,2026-02-19
149,0.00015392396016977727,0.00010902242502197623,-0.00014820742944721133,0.00047553161857649684,0.0001529153814772144,2161306,2026-02-20
43,0.00012657912157010287,7.211920456029475e-05,4.105253174202517e-05,0.00036390763125382364,9.90460321190767e-05,2161306,2026-02-21
0,,,,,,2161306,2026-02-22
15,0.00010649322939570993,5.5462274758610874e-05,4.281035216990858e-06,0.00018677600019145757,0.00012548972154036164,2161306,2026-02-23
0,,,,,,2161306,2026-02-24
11,0.00012227818660903722,4.293893289286643e-05,6.992310227360576e-05,0.00019452921696938574,0.00011135648674098775,2161306,2026-02-25
1,0.0002332112198928371,0.0,0.0002332112198928371,0.0002332112198928371,0.0002332112198928371,2161306,2026-02-26
9,7.970388833200559e-05,2.5155306502711028e-05,4.345783600001596e-05,0.00011071831249864772,9.240183135261759e-05,2161306,2026-02-27
73,0.00011960256233578548,5.034657442593016e-05,-7.254410593304783e-05,0.00019138438801746815,0.0001238657714566216,2161306,2026-02-28
155,0.00018968470976687968,0.00010392520198365673,-2.6734918719739653e-05,0.0006865347386337817,0.0001770241215126589,2161306,2026-03-01
154,0.00025857510627247393,0.0001132050238084048,-2.4269642381113954e-05,0.000518029264640063,0.00024215650046244264,2161306,2026-03-02
6,0.0001084241084754467,4.2037394450744614e-05,6.121068145148456e-05,0.00018698925850912929,9.716901695355773e-05,2161306,2026-03-03
116,0.00014816487964708358,6.403402949217707e-05,1.535044066258706e-05,0.00034590106224641204,0.0001455895253457129,2161306,2026-03-04
0,,,,,,2161306,2026-03-05
0,,,,,,2161306,2026-03-06
0,,,,,,2161306,2026-03-07
0,,,,,,2161306,2026-03-08
0,,,,,,2161306,2026-03-09
153,0.00017158774426206946,8.063345740083605e-05,-2.987564221257344e-05,0.0004118475771974772,0.0001671305944910273,2161306,2026-03-10
19,0.00012950530799571425,7.990864105522633e-05,-2.7236603273195215e-05,0.0002264174254378304,0.0001684025046415627,2161306,2026-03-11
61,0.00014007372374180704,5.6077005865518004e-05,1.7024010958266445e-05,0.0002466434089001268,0.00014336439198814332,2161306,2026-03-12
56,0.00012748641893267632,6.522651528939605e-05,1.4061498404771555e-05,0.0004044121305923909,0.00012138769670855254,2161306,2026-03-13
0,,,,,,2161306,2026-03-14
9,7.623600686201826e-05,3.886212653014809e-05,7.287194875971181e-06,0.00011687062215059996,7.401864422718063e-05,2161306,2026-03-15
133,0.00013303880405146629,4.175927460892126e-05,3.256674972362816e-05,0.00021886618924327195,0.00012807520397473127,2161306,2026-03-16
81,0.00012117926962673664,4.3465421185828745e-05,2.1452869987115264e-05,0.00023103333660401404,0.00012386147864162922,2161306,2026-03-17
65,0.0001290408690692857,5.817059718538076e-05,-1.6355990737793036e-05,0.00026653296663425863,0.00012774845527019352,2161306,2026-03-18
86,0.0001469525450374931,6.256991036934778e-05,1.666115531406831e-05,0.0003457695129327476,0.00013871182454749942,2161306,2026-03-19
6,0.00018268375424668193,2.8129288693889976e-05,0.0001570829626871273,0.0002259185421280563,0.00016610683815088123,2161306,2026-03-20
0,,,,,,2161306,2026-03-21
51,0.00018844724399968982,0.00011260263272561133,1.2853215594077483e-05,0.0004086886183358729,0.00017238703730981797,2161306,2026-03-22
25,0.00010163517436012626,4.852773417951539e-05,2.5254947104258463e-05,0.00023264593619387597,0.0001005543235805817,2161306,2026-03-23
80,0.0001536081836093217,7.350467785727233e-05,3.592448047129437e-05,0.0004694238887168467,0.00014078128151595592,2161306,2026-03-24
5,0.0001188189271488227,1.502770737715764e-05,9.419835259905085e-05,0.00013926331303082407,0.00011623503087321296,2161306,2026-03-25
26,0.00019344236352480948,3.281033059465699e-05,0.00013528269482776523,0.0002453385677654296,0.00018620712216943502,2161306,2026-03-26
15,0.00019962814985774457,8.724901272216812e-05,3.6454683140618727e-05,0.0003250042791478336,0.0002396195923211053,2161306,2026-03-27
0,,,,,,2161306,2026-03-28
111,0.00022203884145710617,0.00011767486284952611,2.3344366127275862e-05,0.0005790129071101546,0.0001814199931686744,2161306,2026-03-29
152,0.00036292843287810683,0.00013308721827343106,0.00011313183495076373,0.0006942301988601685,0.0003524564381223172,2161306,2026-03-30
156,0.0003314917557872832,0.00012435048120096326,0.00010523659875616431,0.0006719629745930433,0.0002951898204628378,2161306,2026-03-31
30,0.00023851687728893012,3.6974561226088554e-05,0.00018449204799253494,0.0002869796007871628,0.00024884234881028533,2161306,2026-04-01
98,0.0002948213368654251,7.277122494997457e-05,0.00014229925000108778,0.00048437982331961393,0.0002938445541076362,2161306,2026-04-02
153,0.0002699069445952773,7.568867295049131e-05,8.401757077081129e-05,0.0006960949394851923,0.00026158709079027176,2161306,2026-04-03
149,0.00037238936056382954,0.0001553362380946055,-2.0839348508161493e-05,0.0009558298042975366,0.00033456910750828683,2161306,2026-04-04
133,0.0003694721090141684,0.00013779173605144024,0.00017828078125603497,0.0007672591600567102,0.0003253444447182119,2161306,2026-04-05
156,0.00044543659896589816,0.00011090459156548604,0.00023926184803713113,0.0008010021410882473,0.0004391086695250124,2161306,2026-04-06
156,0.000401787314331159,0.0001497111952630803,-0.00011520637781359255,0.000824993010610342,0.00042485957965254784,2161306,2026-04-07
156,0.000410174805438146,0.0001088736898964271,0.00015054318646434695,0.0007056136382743716,0.00039761222433298826,2161306,2026-04-08
156,0.00047280447324737906,0.0001320168375968933,0.00014426525740418583,0.0008469770546071231,0.0004779980517923832,2161306,2026-04-09
156,0.0005648571532219648,0.00011894078488694504,0.00020076097280252725,0.000830241828225553,0.0005615161499008536,2161306,2026-04-10
156,0.0005217514117248356,0.00010109564755111933,0.00031718931859359145,0.0007700430578552186,0.0005362037918530405,2161306,2026-04-11
142,0.0004922493826597929,0.00017283213674090803,-7.353904948104173e-05,0.0009859862038865685,0.0005032435292378068,2161306,2026-04-12
156,0.0004554799816105515,0.00011468666343716905,0.00017301979823969305,0.0007258742116391659,0.0004622225824277848,2161306,2026-04-13
155,0.0003324542776681483,5.725176742998883e-05,0.00016802830214146525,0.0005544329178519547,0.00033539466676302254,2161306,2026-04-14
82,0.00028598244534805417,4.2577506974339485e-05,0.0001570324820932001,0.0003943499468732625,0.0002862932160496712,2161306,2026-04-15
125,0.0002934462099801749,5.072372732684016e-05,0.00017614966782275587,0.00039158837171271443,0.00029104462009854615,2161306,2026-04-16
0,,,,,,2161306,2026-04-17
0,,,,,,2161306,2026-04-18
0,,,,,,2161306,2026-04-19
1,0.0002724521327763796,0.0,0.0002724521327763796,0.0002724521327763796,0.0002724521327763796,2161306,2026-04-20
69,0.0002541656431276351,8.165356848621741e-05,0.000133941211970523,0.0004786748322658241,0.00023873033933341503,2161306,2026-04-21
119,0.00022289050684776157,5.616489943349734e-05,0.00014842358359601349,0.0005423691472969949,0.00021486498008016497,2161306,2026-04-22
0,,,,,,2161306,2026-04-23
25,0.00011908130545634776,4.0202670788858086e-05,3.148053292534314e-05,0.0001906227698782459,0.000119877586257644,2161306,2026-04-24
111,0.0001764840999385342,7.311697117984295e-05,4.034600351587869e-05,0.0003834707895293832,0.00016943139780778438,2161306,2026-04-25
0,,,,,,2161306,2026-04-26
152,0.00021832867059856653,7.650127372471616e-05,5.8566820371197537e-05,0.0004024146473966539,0.00020645433687604964,2161306,2026-04-27
136,0.00025571833248250186,0.00015182267816271633,-9.030626097228378e-05,0.0006114646093919873,0.00026261774473823607,2161306,2026-04-28
156,0.00020949098689015955,8.549038466298953e-05,-6.3117186073213816e-06,0.00041952720494009554,0.000210682483157143,2161306,2026-04-29
47,0.00018694646132644266,0.00013778774882666767,-0.00013252694043330848,0.0005687335506081581,0.00017219912842847407,2161306,2026-04-30
28,0.00023996086383704096,9.156367013929412e-05,5.860295641468838e-05,0.0005278527969494462,0.00022731615172233433,2161306,2026-05-01
83,0.0001728720380924642,6.578172178706154e-05,6.588348333025351e-05,0.0004188448656350374,0.0001630330370971933,2161306,2026-05-02
2,0.00016990624135360122,0.0,0.00016990624135360122,0.00016990624135360122,0.00016990624135360122,2161306,2026-05-03
117,0.00020604896417353302,0.00011946754966629669,-4.2270999983884394e-05,0.0004960413789376616,0.00018724592518992722,2161306,2026-05-04
128,0.00020993512589484453,0.00011096942762378603,-2.8568725610966794e-05,0.000518469198141247,0.00019363015599083155,2161306,2026-05-05
66,0.00013220896653365344,6.192213913891464e-05,4.871998498856556e-06,0.0003000194556079805,0.00012538075679913163,2161306,2026-05-06
69,0.0001791548856999725,9.305419371230528e-05,3.2911870221141726e-05,0.0004957373603247106,0.00015554044512100518,2161306,2026-05-07
0,,,,,,2161306,2026-05-08
0,,,,,,2161306,2026-05-09
0,,,,,,2161306,2026-05-10
89,0.00018073020328301936,0.0001032090513035655,-2.3680813683313318e-05,0.0005253481795080006,0.00016196744400076568,2161306,2026-05-11
97,0.00022900640033185482,0.00013620978279504925,-9.515324200037867e-05,0.0006837693508714437,0.0002314715675311163,2161306,2026-05-12
148,0.00020298703748267144,0.00012548366794362664,-7.934165478218347e-05,0.0005233049159869552,0.00022039038594812155,2161306,2026-05-13
97,0.00023071022587828338,0.0002265099756186828,-0.0003591489512473345,0.0010438195895403624,0.00022924064251128584,2161306,2026-05-14
65,0.00021643092622980475,0.0001483435626141727,-0.00016036977467592806,0.0006575072766281664,0.00024809958995319903,2161306,2026-05-15
