aod_mean,aod_median,aod_max,aod_std,aod_count,aod047_mean,aod047_median,fmf_mean,fmf_median,location_id,date
,,,,0,,,0.05,0.05,4946812,2024-02-06
,,,,0,,,0.05,0.05,4946812,2024-02-07
,,,,0,,,0.05,0.05,4946812,2024-02-08
,,,,0,,,0.05,0.05,4946812,2024-02-09
,,,,0,,,0.05,0.05,4946812,2024-02-10
0.4150082636545887,0.43,0.464,0.03533360440147736,100,0.5460406826072075,0.5640000000000001,0.05,0.05,4946812,2024-02-11
0.4734923192913011,0.47400000000000003,0.5025000000000001,0.015339754304756197,104,0.6216490434454812,0.622,0.05,0.05,4946812,2024-02-12
0.8699536082474226,0.901,0.901,0.06313984478916707,5,1.1237164948453606,1.162,0.05,0.05,4946812,2024-02-13
,,,,0,,,0.05,0.05,4946812,2024-02-14
,,,,0,,,0.05,0.05,4946812,2024-02-15
,,,,0,,,0.05,0.05,4946812,2024-02-16
,,,,0,,,0.05,0.05,4946812,2024-02-17
,,,,0,,,0.05,0.05,4946812,2024-02-18
,,,,0,,,0.05,0.05,4946812,2024-02-19
,,,,0,,,0.05,0.05,4946812,2024-02-20
,,,,0,,,0.05,0.05,4946812,2024-02-21
,,,,0,,,0.05,0.05,4946812,2024-02-22
,,,,0,,,0.05,0.05,4946812,2024-02-23
,,,,0,,,0.05,0.05,4946812,2024-02-24
,,,,0,,,0.05,0.05,4946812,2024-02-25
,,,,0,,,0.05,0.05,4946812,2024-02-26
,,,,0,,,0.05,0.05,4946812,2024-02-27
,,,,0,,,0.05,0.05,4946812,2024-02-28
,,,,0,,,0.05,0.05,4946812,2024-02-29
,,,,0,,,0.05,0.05,4946812,2024-03-01
,,,,0,,,0.05,0.05,4946812,2024-03-02
,,,,0,,,0.05,0.05,4946812,2024-03-03
,,,,0,,,0.05,0.05,4946812,2024-03-04
0.4825718122702853,0.48537899543378993,0.64,0.060249541940116516,104,0.633206106870229,0.6376194029850746,0.05,0.05,4946812,2024-03-05
0.842,0.842,0.842,0.0,1,1.086,1.086,0.05,0.05,4946812,2024-03-06
,,,,0,,,0.05,0.05,4946812,2024-03-07
,,,,0,,,0.05,0.05,4946812,2024-03-08
,,,,0,,,0.05,0.05,4946812,2024-03-09
,,,,0,,,0.05,0.05,4946812,2024-03-10
,,,,0,,,0.05,0.05,4946812,2024-03-11
0.9472222222222224,0.9450000000000001,1.0110000000000001,0.0253828682382388,10,1.221407407407408,1.218,0.05,0.05,4946812,2024-03-12
,,,,0,,,0.05,0.05,4946812,2024-03-13
,,,,0,,,0.05,0.05,4946812,2024-03-14
,,,,0,,,0.05,0.05,4946812,2024-03-15
,,,,0,,,0.05,0.05,4946812,2024-03-16
,,,,0,,,0.05,0.05,4946812,2024-03-17
,,,,0,,,0.05,0.05,4946812,2024-03-18
,,,,0,,,0.05,0.05,4946812,2024-03-19
,,,,0,,,0.05,0.05,4946812,2024-03-20
,,,,0,,,0.05,0.05,4946812,2024-03-21
,,,,0,,,0.05,0.05,4946812,2024-03-22
,,,,0,,,0.05,0.05,4946812,2024-03-23
,,,,0,,,0.05,0.05,4946812,2024-03-24
,,,,0,,,0.05,0.05,4946812,2024-03-25
,,,,0,,,0.05,0.05,4946812,2024-03-26
,,,,0,,,0.05,0.05,4946812,2024-03-27
,,,,0,,,0.05,0.05,4946812,2024-03-28
,,,,0,,,0.05,0.05,4946812,2024-03-29
,,,,0,,,0.05,0.05,4946812,2024-03-30
0.933259204712813,0.934,0.937,0.004847679857411596,4,1.2036097201767304,1.205,0.05,0.05,4946812,2024-03-31
,,,,0,,,0.05,0.05,4946812,2024-04-01
1.1204859611835114,1.11,1.249,0.03307382834333295,87,1.4444345880642089,1.431,0.05,0.05,4946812,2024-04-02
1.2325688359161822,1.212,1.6875,0.09787571065816464,95,1.5888062863615302,1.563,0.05,0.05,4946812,2024-04-03
,,,,0,,,0.05,0.05,4946812,2024-04-04
,,,,0,,,0.05,0.05,4946812,2024-04-05
,,,,0,,,0.05,0.05,4946812,2024-04-06
,,,,0,,,0.05,0.05,4946812,2024-04-07
,,,,0,,,0.05,0.05,4946812,2024-04-08
,,,,0,,,0.05,0.05,4946812,2024-04-09
,,,,0,,,0.05,0.05,4946812,2024-04-10
,,,,0,,,0.05,0.05,4946812,2024-04-11
,,,,0,,,0.05,0.05,4946812,2024-04-12
,,,,0,,,0.05,0.05,4946812,2024-04-13
,,,,0,,,0.05,0.05,4946812,2024-04-14
,,,,0,,,0.05,0.05,4946812,2024-04-15
0.4144044992429158,0.394,0.604,0.06784142302226485,44,0.5458620484533855,0.521,0.05,0.05,4946812,2024-04-16
,,,,0,,,0.05,0.05,4946812,2024-04-17
,,,,0,,,0.05,0.05,4946812,2024-04-18
,,,,0,,,0.05,0.05,4946812,2024-04-19
0.9458031479862145,0.9490000000000002,1.038,0.027621569671390105,90,1.2195645285736332,1.224,0.05,0.05,4946812,2024-04-20
,,,,0,,,0.05,0.05,4946812,2024-04-21
,,,,0,,,0.05,0.05,4946812,2024-04-22
,,,,0,,,0.05,0.05,4946812,2024-04-23
,,,,0,,,0.05,0.05,4946812,2024-04-24
0.4163413704947615,0.309,0.7245,0.17790801785441124,94,0.5456084014236301,0.40800000000000003,0.05,0.05,4946812,2024-04-25
0.6877319526906039,0.6862910958904109,0.748,0.029068832420758122,104,0.8949784186221845,0.894,0.05,0.05,4946812,2024-04-26
0.5284968900197907,0.538,0.732,0.05580079987622893,104,0.6914255018377156,0.7046355529131986,0.05,0.05,4946812,2024-04-27
0.7590697389501458,0.7641349809885933,0.8280000000000001,0.04546981669025308,104,0.9833741164828946,0.9892714285714286,0.05,0.05,4946812,2024-04-28
1.290443780155234,1.29,1.374,0.03045882630637671,51,1.6634698972099853,1.663,0.05,0.05,4946812,2024-04-29
1.2419960889642827,1.23775,1.3465,0.03780748414088691,104,1.6010489821882956,1.5947500000000001,0.05,0.05,4946812,2024-04-30
,,,,0,,,0.05,0.05,4946812,2024-05-01
,,,,0,,,0.05,0.05,4946812,2024-05-02
,,,,0,,,0.05,0.05,4946812,2024-05-03
0.316,0.316,0.316,0.0,1,0.417,0.417,0.05,0.05,4946812,2024-05-04
,,,,0,,,0.05,0.05,4946812,2024-05-05
,,,,0,,,0.05,0.05,4946812,2024-05-06
,,,,0,,,0.05,0.05,4946812,2024-05-07
,,,,0,,,0.05,0.05,4946812,2024-05-08
,,,,0,,,0.05,0.05,4946812,2024-05-09
,,,,0,,,0.05,0.05,4946812,2024-05-10
,,,,0,,,0.05,0.05,4946812,2024-05-11
,,,,0,,,0.05,0.05,4946812,2024-05-12
,,,,0,,,0.05,0.05,4946812,2024-05-13
,,,,0,,,0.05,0.05,4946812,2024-05-14
,,,,0,,,0.05,0.05,4946812,2024-05-15
,,,,0,,,0.05,0.05,4946812,2024-05-16
,,,,0,,,0.05,0.05,4946812,2024-05-17
,,,,0,,,0.05,0.05,4946812,2024-05-18
,,,,0,,,0.05,0.05,4946812,2024-05-19
,,,,0,,,0.05,0.05,4946812,2024-05-20
,,,,0,,,0.05,0.05,4946812,2024-05-21
,,,,0,,,0.05,0.05,4946812,2024-05-22
,,,,0,,,0.05,0.05,4946812,2024-05-23
0.3853070843091334,0.388,0.438,0.02782197872186724,16,0.5084446721311475,0.512,0.05,0.05,4946812,2024-05-24
,,,,0,,,0.05,0.05,4946812,2024-05-25
0.241,0.241,0.241,0.0,1,0.319,0.319,0.05,0.05,4946812,2024-05-26
,,,,0,,,0.05,0.05,4946812,2024-05-27
,,,,0,,,0.05,0.05,4946812,2024-05-28
,,,,0,,,0.05,0.05,4946812,2024-05-29
,,,,0,,,0.05,0.05,4946812,2024-05-30
,,,,0,,,0.05,0.05,4946812,2024-05-31
,,,,0,,,0.05,0.05,4946812,2024-06-01
0.4465578947368421,0.447,0.447,0.005999999999998375,2,0.5864105263157894,0.587,0.05,0.05,4946812,2024-06-02
,,,,0,,,0.05,0.05,4946812,2024-06-03
,,,,0,,,0.05,0.05,4946812,2024-06-04
,,,,0,,,0.05,0.05,4946812,2024-06-05
,,,,0,,,0.05,0.05,4946812,2024-06-06
,,,,0,,,0.05,0.05,4946812,2024-06-07
,,,,0,,,0.05,0.05,4946812,2024-06-08
,,,,0,,,0.05,0.05,4946812,2024-06-09
,,,,0,,,0.05,0.05,4946812,2024-06-10
,,,,0,,,0.05,0.05,4946812,2024-06-11
,,,,0,,,0.05,0.05,4946812,2024-06-12
,,,,0,,,0.05,0.05,4946812,2024-06-13
,,,,0,,,0.05,0.05,4946812,2024-06-14
,,,,0,,,0.05,0.05,4946812,2024-06-15
,,,,0,,,0.05,0.05,4946812,2024-06-16
,,,,0,,,0.05,0.05,4946812,2024-06-17
,,,,0,,,0.05,0.05,4946812,2024-06-18
,,,,0,,,0.05,0.05,4946812,2024-06-19
,,,,0,,,0.05,0.05,4946812,2024-06-20
,,,,0,,,0.05,0.05,4946812,2024-06-21
,,,,0,,,0.05,0.05,4946812,2024-06-22
,,,,0,,,0.05,0.05,4946812,2024-06-23
,,,,0,,,0.05,0.05,4946812,2024-06-24
,,,,0,,,0.05,0.05,4946812,2024-06-25
,,,,0,,,0.05,0.05,4946812,2024-06-26
,,,,0,,,0.05,0.05,4946812,2024-06-27
,,,,0,,,0.05,0.05,4946812,2024-06-28
,,,,0,,,0.05,0.05,4946812,2024-06-29
,,,,0,,,0.05,0.05,4946812,2024-06-30
,,,,0,,,0.05,0.05,4946812,2024-07-01
,,,,0,,,0.05,0.05,4946812,2024-07-02
,,,,0,,,0.05,0.05,4946812,2024-07-03
0.433,0.433,0.433,0.0,1,0.5680000000000001,0.5680000000000001,0.05,0.05,4946812,2024-07-04
0.3458040901007706,0.34800000000000003,0.406,0.027443217893194666,12,0.4566603438055721,0.459,0.05,0.05,4946812,2024-07-05
,,,,0,,,0.05,0.05,4946812,2024-07-06
,,,,0,,,0.05,0.05,4946812,2024-07-07
0.3735025817555938,0.38,0.4,0.06416125518306698,3,0.49337005163511194,0.501,0.05,0.05,4946812,2024-07-08
,,,,0,,,0.05,0.05,4946812,2024-07-09
,,,,0,,,0.05,0.05,4946812,2024-07-10
,,,,0,,,0.05,0.05,4946812,2024-07-11
,,,,0,,,0.05,0.05,4946812,2024-07-12
,,,,0,,,0.05,0.05,4946812,2024-07-13
,,,,0,,,0.05,0.05,4946812,2024-07-14
,,,,0,,,0.05,0.05,4946812,2024-07-15
0.3873346405228757,0.401,0.453,0.05299219602456716,27,0.5103983660130719,0.529,0.05,0.05,4946812,2024-07-16
,,,,0,,,0.05,0.05,4946812,2024-07-17
,,,,0,,,0.05,0.05,4946812,2024-07-18
,,,,0,,,0.05,0.05,4946812,2024-07-19
,,,,0,,,0.05,0.05,4946812,2024-07-20
,,,,0,,,0.05,0.05,4946812,2024-07-21
,,,,0,,,0.05,0.05,4946812,2024-07-22
,,,,0,,,0.05,0.05,4946812,2024-07-23
,,,,0,,,0.05,0.05,4946812,2024-07-24
,,,,0,,,0.05,0.05,4946812,2024-07-25
,,,,0,,,0.05,0.05,4946812,2024-07-26
,,,,0,,,0.05,0.05,4946812,2024-07-27
,,,,0,,,0.05,0.05,4946812,2024-07-28
,,,,0,,,0.05,0.05,4946812,2024-07-29
,,,,0,,,0.05,0.05,4946812,2024-07-30
,,,,0,,,0.05,0.05,4946812,2024-07-31
,,,,0,,,0.05,0.05,4946812,2024-08-01
,,,,0,,,0.05,0.05,4946812,2024-08-02
,,,,0,,,0.05,0.05,4946812,2024-08-03
0.199327868852459,0.28,0.28,0.133,2,0.26524590163934425,0.372,0.05,0.05,4946812,2024-08-04
0.425,0.425,0.425,0.0,1,0.558,0.558,0.05,0.05,4946812,2024-08-05
0.37493069306930693,0.368,0.382,0.006999999999999535,2,0.4949108910891089,0.486,0.05,0.05,4946812,2024-08-06
,,,,0,,,0.05,0.05,4946812,2024-08-07
0.2732641509433963,0.271,0.311,0.01999999999999959,2,0.36194339622641514,0.359,0.05,0.05,4946812,2024-08-08
,,,,0,,,0.05,0.05,4946812,2024-08-09
0.25997783774473204,0.258,0.337,0.03166276452616591,85,0.3446357007521386,0.343,0.05,0.05,4946812,2024-08-10
,,,,0,,,0.05,0.05,4946812,2024-08-11
,,,,0,,,0.05,0.05,4946812,2024-08-12
,,,,0,,,0.05,0.05,4946812,2024-08-13
,,,,0,,,0.05,0.05,4946812,2024-08-14
,,,,0,,,0.05,0.05,4946812,2024-08-15
,,,,0,,,0.05,0.05,4946812,2024-08-16
,,,,0,,,0.05,0.05,4946812,2024-08-17
,,,,0,,,0.05,0.05,4946812,2024-08-18
,,,,0,,,0.05,0.05,4946812,2024-08-19
,,,,0,,,0.05,0.05,4946812,2024-08-20
,,,,0,,,0.05,0.05,4946812,2024-08-21
,,,,0,,,0.05,0.05,4946812,2024-08-22
,,,,0,,,0.05,0.05,4946812,2024-08-23
,,,,0,,,0.05,0.05,4946812,2024-08-24
,,,,0,,,0.05,0.05,4946812,2024-08-25
,,,,0,,,0.05,0.05,4946812,2024-08-26
0.26940077257363604,0.272,0.314,0.023591953011854863,18,0.35704249154997586,0.36,0.05,0.05,4946812,2024-08-27
0.3654896449704142,0.389,0.398,0.06201763861999263,4,0.4830236686390533,0.514,0.05,0.05,4946812,2024-08-28
,,,,0,,,0.05,0.05,4946812,2024-08-29
0.17641289365368049,0.17600000000000002,0.201,0.014032137829617694,101,0.23512793146357813,0.23500000000000001,0.05,0.05,4946812,2024-08-30
,,,,0,,,0.05,0.05,4946812,2024-08-31
,,,,0,,,0.05,0.05,4946812,2024-09-01
,,,,0,,,0.05,0.05,4946812,2024-09-02
,,,,0,,,0.05,0.05,4946812,2024-09-03
0.21537203037610958,0.211,0.296,0.034662937330478774,95,0.28648796757145056,0.28022256097560977,0.05,0.05,4946812,2024-09-04
,,,,0,,,0.05,0.05,4946812,2024-09-05
,,,,0,,,0.05,0.05,4946812,2024-09-06
,,,,0,,,0.05,0.05,4946812,2024-09-07
,,,,0,,,0.05,0.05,4946812,2024-09-08
,,,,0,,,0.05,0.05,4946812,2024-09-09
,,,,0,,,0.05,0.05,4946812,2024-09-10
,,,,0,,,0.05,0.05,4946812,2024-09-11
,,,,0,,,0.05,0.05,4946812,2024-09-12
,,,,0,,,0.05,0.05,4946812,2024-09-13
0.5607616371782215,0.561,0.659,0.04847642436092991,63,0.7331353937276938,0.736,0.05,0.05,4946812,2024-09-14
,,,,0,,,0.05,0.05,4946812,2024-09-15
0.4217051546391753,0.451,0.457,0.036249137920783464,4,0.5548350515463918,0.592,0.05,0.05,4946812,2024-09-16
,,,,0,,,0.05,0.05,4946812,2024-09-17
,,,,0,,,0.05,0.05,4946812,2024-09-18
0.4278571428571429,0.426,0.443,0.009249379460705073,7,0.5617142857142858,0.558,0.05,0.05,4946812,2024-09-19
,,,,0,,,0.05,0.05,4946812,2024-09-20
,,,,0,,,0.05,0.05,4946812,2024-09-21
,,,,0,,,0.05,0.05,4946812,2024-09-22
,,,,0,,,0.05,0.05,4946812,2024-09-23
0.2992713928941665,0.28974999999999995,0.436,0.04390363740937223,104,0.39616645462256134,0.3835,0.05,0.05,4946812,2024-09-24
,,,,0,,,0.05,0.05,4946812,2024-09-25
,,,,0,,,0.05,0.05,4946812,2024-09-26
0.4205,0.425,0.432,0.010781929326424477,8,0.5527500000000001,0.558,0.05,0.05,4946812,2024-09-27
,,,,0,,,0.05,0.05,4946812,2024-09-28
,,,,0,,,0.05,0.05,4946812,2024-09-29
,,,,0,,,0.05,0.05,4946812,2024-09-30
,,,,0,,,0.05,0.05,4946812,2024-10-01
0.3048252569750367,0.328,0.338,0.04248749816122352,4,0.40292951541850214,0.433,0.05,0.05,4946812,2024-10-02
0.2037574922250495,0.20700000000000002,0.2475,0.02642197120069197,104,0.27092024785599844,0.275,0.05,0.05,4946812,2024-10-03
0.2581781282860146,0.27250676982591876,0.328,0.05989452146268254,91,0.3423473186119873,0.3605,0.05,0.05,4946812,2024-10-04
0.3130739533777354,0.3157495088408645,0.455,0.040684999094113286,102,0.41339169838249257,0.4186303294573644,0.05,0.05,4946812,2024-10-05
0.3413455612100648,0.3413333333333333,0.4195,0.03413399207177506,104,0.4507701677504474,0.45183333333333336,0.05,0.05,4946812,2024-10-06
0.44524951676017127,0.447,0.481,0.022746220497154832,102,0.5844288576681911,0.587,0.05,0.05,4946812,2024-10-07
0.49589520309113205,0.4975,0.6045,0.04525405739393637,104,0.65051156818396,0.6525,0.05,0.05,4946812,2024-10-08
,,,,0,,,0.05,0.05,4946812,2024-10-09
1.0719105902777777,1.083,1.162,0.13460445525687498,8,1.3832196180555556,1.397,0.05,0.05,4946812,2024-10-10
0.6706355932203389,0.672,0.672,0.011499999999997604,2,0.8732796610169491,0.875,0.05,0.05,4946812,2024-10-11
1.8013000000000001,1.822,1.822,0.023000000000004864,2,2.31745,2.344,0.05,0.05,4946812,2024-10-12
,,,,0,,,0.05,0.05,4946812,2024-10-13
,,,,0,,,0.05,0.05,4946812,2024-10-14
,,,,0,,,0.05,0.05,4946812,2024-10-15
,,,,0,,,0.05,0.05,4946812,2024-10-16
,,,,0,,,0.05,0.05,4946812,2024-10-17
,,,,0,,,0.05,0.05,4946812,2024-10-18
,,,,0,,,0.05,0.05,4946812,2024-10-19
,,,,0,,,0.05,0.05,4946812,2024-10-20
,,,,0,,,0.05,0.05,4946812,2024-10-21
0.412342205323194,0.41500000000000004,0.437,0.05448547206977873,3,0.5444524714828899,0.548,0.05,0.05,4946812,2024-10-22
0.278992864489586,0.278,0.362,0.04134396853839934,44,0.36937773206479824,0.368,0.05,0.05,4946812,2024-10-23
,,,,0,,,0.05,0.05,4946812,2024-10-24
0.41600000000000004,0.41600000000000004,0.41600000000000004,0.0,1,0.549,0.549,0.05,0.05,4946812,2024-10-25
0.22949664284167207,0.226,0.272,0.025951850044072737,26,0.3049051332033788,0.3,0.05,0.05,4946812,2024-10-26
,,,,0,,,0.05,0.05,4946812,2024-10-27
,,,,0,,,0.05,0.05,4946812,2024-10-28
,,,,0,,,0.05,0.05,4946812,2024-10-29
0.3541875327592662,0.34400000000000003,0.454,0.050704448610321494,59,0.46765862972669425,0.454,0.05,0.05,4946812,2024-10-30
0.5358726321741587,0.5365,0.705,0.06608288904740897,104,0.7017654320987655,0.704,0.05,0.05,4946812,2024-10-31
0.18222822584642834,0.178,0.258,0.025508400563523898,97,0.24292162791850483,0.23700000000000002,0.05,0.05,4946812,2024-11-01
0.22057635943831874,0.22100000000000003,0.258,0.016966876776365054,104,0.2932901234567901,0.2935,0.05,0.05,4946812,2024-11-02
,,,,0,,,0.05,0.05,4946812,2024-11-03
,,,,0,,,0.05,0.05,4946812,2024-11-04
,,,,0,,,0.05,0.05,4946812,2024-11-05
,,,,0,,,0.05,0.05,4946812,2024-11-06
0.6058752912019826,0.602,0.673,0.03162047345609455,97,0.7897999504337049,0.7840000000000001,0.05,0.05,4946812,2024-11-07
0.6334624460361067,0.6405,0.842,0.058855643196276015,99,0.8242675873233909,0.8305593220338985,0.05,0.05,4946812,2024-11-08
0.5690481340118747,0.5700000000000001,0.6285000000000001,0.04037099329551871,104,0.7439529968900196,0.7445,0.05,0.05,4946812,2024-11-09
0.4131680567335783,0.4093160173160173,0.582,0.05430017870467459,104,0.5432405286966355,0.54025,0.05,0.05,4946812,2024-11-10
0.5568180233479478,0.546,0.764,0.05394091236089041,91,0.7292034229570542,0.716,0.05,0.05,4946812,2024-11-11
,,,,0,,,0.05,0.05,4946812,2024-11-12
0.5702462814268793,0.611,0.795,0.1394115569894485,45,0.7449382651046468,0.796,0.05,0.05,4946812,2024-11-13
,,,,0,,,0.05,0.05,4946812,2024-11-14
0.6351891436818473,0.639,0.753,0.06525833558102287,61,0.8276801635663887,0.8320000000000001,0.05,0.05,4946812,2024-11-15
,,,,0,,,0.05,0.05,4946812,2024-11-16
0.49482412592704716,0.462,0.675,0.08504315693614967,36,0.648938928409263,0.606,0.05,0.05,4946812,2024-11-17
,,,,0,,,0.05,0.05,4946812,2024-11-18
0.3450867731599283,0.3421677631578947,0.4405,0.02767315334823843,104,0.4555928988785224,0.453,0.05,0.05,4946812,2024-11-19
0.42798872882167127,0.42410814249363865,0.52,0.028859543442693657,101,0.5627641906767492,0.5572914285714285,0.05,0.05,4946812,2024-11-20
0.5321750541890491,0.539,0.67,0.05976689184612713,104,0.6970275186127599,0.7079999999999999,0.05,0.05,4946812,2024-11-21
0.37608536312014346,0.3745,0.444,0.027678988977223432,62,0.4961611252241482,0.4945,0.05,0.05,4946812,2024-11-22
,,,,0,,,0.05,0.05,4946812,2024-11-23
,,,,0,,,0.05,0.05,4946812,2024-11-24
,,,,0,,,0.05,0.05,4946812,2024-11-25
,,,,0,,,0.05,0.05,4946812,2024-11-26
,,,,0,,,0.05,0.05,4946812,2024-11-27
0.43784060402684555,0.439,0.44,0.005436502143432111,3,0.5744077181208054,0.5760000000000001,0.05,0.05,4946812,2024-11-28
0.271522782961078,0.26817557251908397,0.384,0.04598567518788069,104,0.359887121854679,0.3554999999999999,0.05,0.05,4946812,2024-11-29
0.6711783290924512,0.6709757462686567,0.906,0.07923507371965788,104,0.8727362406936199,0.8688611825192802,0.05,0.05,4946812,2024-11-30
0.43991862652869235,0.431,0.535,0.049788887649085775,45,0.578407455315146,0.5650000000000001,0.05,0.05,4946812,2024-12-01
,,,,0,,,0.05,0.05,4946812,2024-12-02
,,,,0,,,0.05,0.05,4946812,2024-12-03
,,,,0,,,0.05,0.05,4946812,2024-12-04
,,,,0,,,0.05,0.05,4946812,2024-12-05
,,,,0,,,0.05,0.05,4946812,2024-12-06
,,,,0,,,0.05,0.05,4946812,2024-12-07
,,,,0,,,0.05,0.05,4946812,2024-12-08
,,,,0,,,0.05,0.05,4946812,2024-12-09
,,,,0,,,0.05,0.05,4946812,2024-12-10
,,,,0,,,0.05,0.05,4946812,2024-12-11
,,,,0,,,0.05,0.05,4946812,2024-12-12
,,,,0,,,0.05,0.05,4946812,2024-12-13
,,,,0,,,0.05,0.05,4946812,2024-12-14
,,,,0,,,0.05,0.05,4946812,2024-12-15
0.40538657886143453,0.4000000000000001,0.47700000000000004,0.027400852474398555,89,0.5343713399368669,0.528,0.05,0.05,4946812,2024-12-16
,,,,0,,,0.05,0.05,4946812,2024-12-17
0.4167342616153048,0.424,0.458,0.030688077700970692,104,0.5481441193101498,0.557,0.05,0.05,4946812,2024-12-18
0.44796812270285524,0.44499999999999995,0.5085000000000001,0.024204006416093632,104,0.5891832532277828,0.5852234273318871,0.05,0.05,4946812,2024-12-19
0.8845900951842423,0.8843333333333333,1.274,0.10746508437723777,104,1.1450025916501745,1.14375,0.05,0.05,4946812,2024-12-20
,,,,0,,,0.05,0.05,4946812,2024-12-21
1.1694485910847232,1.177,1.417,0.13889248607685553,104,1.5075627650551315,1.5170000000000001,0.05,0.05,4946812,2024-12-22
0.7821874860832776,0.782,0.885,0.0706350648863081,48,1.0136530839456694,1.0135,0.05,0.05,4946812,2024-12-23
,,,,0,,,0.05,0.05,4946812,2024-12-24
,,,,0,,,0.05,0.05,4946812,2024-12-25
,,,,0,,,0.05,0.05,4946812,2024-12-26
,,,,0,,,0.05,0.05,4946812,2024-12-27
0.40614689024679085,0.4080000000000001,0.461,0.01995062242841953,103,0.5353577992515751,0.538,0.05,0.05,4946812,2024-12-28
0.8028354886078347,0.803,0.912,0.06030557496261761,103,1.0380277106721616,1.0364807692307694,0.05,0.05,4946812,2024-12-29
,,,,0,,,0.05,0.05,4946812,2024-12-30
,,,,0,,,0.05,0.05,4946812,2024-12-31
0.9452708510036754,0.9416277372262774,1.0505,0.049645205474340204,104,1.219070587126566,1.21425,0.05,0.05,4946812,2025-01-01
0.7575495534741884,0.751,0.835,0.02841503921680809,87,0.983898823785667,0.978,0.05,0.05,4946812,2025-01-02
0.6345453081332008,0.6200395480225989,0.782,0.06317072490081269,103,0.8271210269527735,0.8075197740112996,0.05,0.05,4946812,2025-01-03
0.8960943585913711,0.8936207400194742,1.002,0.05889142328340258,86,1.1555239846038952,1.151379259980526,0.05,0.05,4946812,2025-01-04
0.7831627085100366,0.7829941406250001,0.897,0.039473030031303,104,1.0146781877297142,1.014,0.05,0.05,4946812,2025-01-05
0.8171339647535578,0.8248903743315508,0.93,0.05443452562884344,104,1.0560971162001689,1.064507992007992,0.05,0.05,4946812,2025-01-06
,,,,0,,,0.05,0.05,4946812,2025-01-07
,,,,0,,,0.05,0.05,4946812,2025-01-08
,,,,0,,,0.05,0.05,4946812,2025-01-09
,,,,0,,,0.05,0.05,4946812,2025-01-10
0.4203954154727793,0.441,0.441,0.0218530445374448,3,0.5522435530085958,0.578,0.05,0.05,4946812,2025-01-11
0.30525819749810457,0.30499999999999994,0.335,0.012762476839199965,102,0.4038251279378318,0.403,0.05,0.05,4946812,2025-01-12
0.5272499763078087,0.5155,0.661,0.04597789120043333,102,0.6896379122441243,0.673,0.05,0.05,4946812,2025-01-13
0.6249673913043479,0.622,0.635,0.0064999999999931085,2,0.8138804347826089,0.81,0.05,0.05,4946812,2025-01-14
,,,,0,,,0.05,0.05,4946812,2025-01-15
0.5657621708475229,0.5630000000000001,0.6815,0.03582344940813241,101,0.7396089980334789,0.739,0.05,0.05,4946812,2025-01-16
0.7389780151687899,0.734,0.8170000000000001,0.03467492019225248,97,0.9586374857482768,0.9505,0.05,0.05,4946812,2025-01-17
,,,,0,,,0.05,0.05,4946812,2025-01-18
0.8479624359108506,0.845,1.106,0.08601526194113253,91,1.0950957936590984,1.09,0.05,0.05,4946812,2025-01-19
0.9364193631492168,0.9310000000000002,1.004,0.037360922119020826,94,1.207476607584501,1.2000000000000002,0.05,0.05,4946812,2025-01-20
0.7143897370653094,0.71925,0.844,0.05906078568158149,104,0.9275271652059193,0.93275,0.05,0.05,4946812,2025-01-21
,,,,0,,,0.05,0.05,4946812,2025-01-22
,,,,0,,,0.05,0.05,4946812,2025-01-23
,,,,0,,,0.05,0.05,4946812,2025-01-24
,,,,0,,,0.05,0.05,4946812,2025-01-25
,,,,0,,,0.05,0.05,4946812,2025-01-26
0.3443610689916601,0.34450000000000003,0.3675,0.009768234066124171,102,0.45477080174374523,0.455,0.05,0.05,4946812,2025-01-27
,,,,0,,,0.05,0.05,4946812,2025-01-28
0.5496468093699516,0.548,0.601,0.030116873039323654,24,0.719736268174475,0.72,0.05,0.05,4946812,2025-01-29
,,,,0,,,0.05,0.05,4946812,2025-01-30
0.5292668711656442,0.526,0.541,0.007499999999998661,2,0.694138036809816,0.6900000000000001,0.05,0.05,4946812,2025-01-31
,,,,0,,,0.05,0.05,4946812,2025-02-01
,,,,0,,,0.05,0.05,4946812,2025-02-02
,,,,0,,,0.05,0.05,4946812,2025-02-03
0.4278783809254546,0.424,0.488,0.021024989973896444,104,0.5629663085477337,0.556,0.05,0.05,4946812,2025-02-04
,,,,0,,,0.05,0.05,4946812,2025-02-05
,,,,0,,,0.05,0.05,4946812,2025-02-06
,,,,0,,,0.05,0.05,4946812,2025-02-07
,,,,0,,,0.05,0.05,4946812,2025-02-08
,,,,0,,,0.05,0.05,4946812,2025-02-09
,,,,0,,,0.05,0.05,4946812,2025-02-10
1.1512984151526866,1.114,1.452,0.11096898465587178,15,1.4842354078082722,1.436,0.05,0.05,4946812,2025-02-11
,,,,0,,,0.05,0.05,4946812,2025-02-12
,,,,0,,,0.05,0.05,4946812,2025-02-13
,,,,0,,,0.05,0.05,4946812,2025-02-14
,,,,0,,,0.05,0.05,4946812,2025-02-15
,,,,0,,,0.05,0.05,4946812,2025-02-16
,,,,0,,,0.05,0.05,4946812,2025-02-17
,,,,0,,,0.05,0.05,4946812,2025-02-18
,,,,0,,,0.05,0.05,4946812,2025-02-19
,,,,0,,,0.05,0.05,4946812,2025-02-20
,,,,0,,,0.05,0.05,4946812,2025-02-21
,,,,0,,,0.05,0.05,4946812,2025-02-22
,,,,0,,,0.05,0.05,4946812,2025-02-23
,,,,0,,,0.05,0.05,4946812,2025-02-24
,,,,0,,,0.05,0.05,4946812,2025-02-25
,,,,0,,,0.05,0.05,4946812,2025-02-26
,,,,0,,,0.05,0.05,4946812,2025-02-27
,,,,0,,,0.05,0.05,4946812,2025-02-28
,,,,0,,,0.05,0.05,4946812,2025-03-01
,,,,0,,,0.05,0.05,4946812,2025-03-02
,,,,0,,,0.05,0.05,4946812,2025-03-03
,,,,0,,,0.05,0.05,4946812,2025-03-04
,,,,0,,,0.05,0.05,4946812,2025-03-05
,,,,0,,,0.05,0.05,4946812,2025-03-06
,,,,0,,,0.05,0.05,4946812,2025-03-07
,,,,0,,,0.05,0.05,4946812,2025-03-08
,,,,0,,,0.05,0.05,4946812,2025-03-09
,,,,0,,,0.05,0.05,4946812,2025-03-10
,,,,0,,,0.05,0.05,4946812,2025-03-11
,,,,0,,,0.05,0.05,4946812,2025-03-12
,,,,0,,,0.05,0.05,4946812,2025-03-13
,,,,0,,,0.05,0.05,4946812,2025-03-14
,,,,0,,,0.05,0.05,4946812,2025-03-15
,,,,0,,,0.05,0.05,4946812,2025-03-16
,,,,0,,,0.05,0.05,4946812,2025-03-17
,,,,0,,,0.05,0.05,4946812,2025-03-18
,,,,0,,,0.05,0.05,4946812,2025-03-19
0.8686377975841445,0.869,0.898,0.012460359557990174,83,1.1200205230444469,1.12,0.05,0.05,4946812,2025-03-20
0.8810403700350796,0.8796688654353562,1.046,0.037929582448493836,86,1.1406849609596017,1.1382475149105367,0.05,0.05,4946812,2025-03-21
1.0549922052691436,1.05125,1.137,0.03506702129229308,102,1.3601540703184227,1.3555124282982791,0.05,0.05,4946812,2025-03-22
0.7172544415525629,0.721,0.76,0.022285055878820573,86,0.9337857870317986,0.9380000000000001,0.05,0.05,4946812,2025-03-23
1.22880974449512,1.2118333333333335,1.416,0.08429738118707619,100,1.584097861801776,1.5630000000000002,0.05,0.05,4946812,2025-03-24
1.0707964376590327,1.07,1.199,0.044438541056317324,104,1.3806837244369048,1.3800000000000001,0.05,0.05,4946812,2025-03-25
,,,,0,,,0.05,0.05,4946812,2025-03-26
,,,,0,,,0.05,0.05,4946812,2025-03-27
,,,,0,,,0.05,0.05,4946812,2025-03-28
,,,,0,,,0.05,0.05,4946812,2025-03-29
,,,,0,,,0.05,0.05,4946812,2025-03-30
,,,,0,,,0.05,0.05,4946812,2025-03-31
1.30939548768586,1.307,1.414,0.046143024230324244,85,1.6878945404443422,1.6842326642335768,0.05,0.05,4946812,2025-04-01
1.0144785554576863,1.0230000000000001,1.194,0.07903141278916442,74,1.3081118639474214,1.3195821917808217,0.05,0.05,4946812,2025-04-02
1.3267385260578648,1.3345,1.407,0.058203490936959944,104,1.710343134483084,1.7205000000000001,0.05,0.05,4946812,2025-04-03
1.6365628312330704,1.598,2.016,0.14373650179084685,46,2.1067023318808147,2.056,0.05,0.05,4946812,2025-04-04
,,,,0,,,0.05,0.05,4946812,2025-04-05
,,,,0,,,0.05,0.05,4946812,2025-04-06
,,,,0,,,0.05,0.05,4946812,2025-04-07
,,,,0,,,0.05,0.05,4946812,2025-04-08
,,,,0,,,0.05,0.05,4946812,2025-04-09
,,,,0,,,0.05,0.05,4946812,2025-04-10
,,,,0,,,0.05,0.05,4946812,2025-04-11
,,,,0,,,0.05,0.05,4946812,2025-04-12
,,,,0,,,0.05,0.05,4946812,2025-04-13
,,,,0,,,0.05,0.05,4946812,2025-04-14
,,,,0,,,0.05,0.05,4946812,2025-04-15
0.2402882416011436,0.255,0.326,0.049242603700499155,27,0.3189653323802715,0.338,0.05,0.05,4946812,2025-04-16
,,,,0,,,0.05,0.05,4946812,2025-04-17
,,,,0,,,0.05,0.05,4946812,2025-04-18
0.26993239346363346,0.27,0.604,0.09441853300597301,16,0.35760173021467484,0.358,0.05,0.05,4946812,2025-04-19
0.366,0.366,0.366,0.0,1,0.483,0.483,0.05,0.05,4946812,2025-04-20
,,,,0,,,0.05,0.05,4946812,2025-04-21
,,,,0,,,0.05,0.05,4946812,2025-04-22
,,,,0,,,0.05,0.05,4946812,2025-04-23
,,,,0,,,0.05,0.05,4946812,2025-04-24
,,,,0,,,0.05,0.05,4946812,2025-04-25
,,,,0,,,0.05,0.05,4946812,2025-04-26
,,,,0,,,0.05,0.05,4946812,2025-04-27
,,,,0,,,0.05,0.05,4946812,2025-04-28
,,,,0,,,0.05,0.05,4946812,2025-04-29
,,,,0,,,0.05,0.05,4946812,2025-04-30
0.242,0.242,0.242,0.0,1,0.321,0.321,0.05,0.05,4946812,2025-05-01
0.29120744081172484,0.265,0.455,0.08353997546085339,20,0.38531665727170233,0.352,0.05,0.05,4946812,2025-05-02
,,,,0,,,0.05,0.05,4946812,2025-05-03
,,,,0,,,0.05,0.05,4946812,2025-05-04
,,,,0,,,0.05,0.05,4946812,2025-05-05
,,,,0,,,0.05,0.05,4946812,2025-05-06
,,,,0,,,0.05,0.05,4946812,2025-05-07
,,,,0,,,0.05,0.05,4946812,2025-05-08
1.0186068936350183,1.02,1.1300000000000001,0.047972982237848086,22,1.313409811799535,1.315,0.05,0.05,4946812,2025-05-09
,,,,0,,,0.05,0.05,4946812,2025-05-10
,,,,0,,,0.05,0.05,4946812,2025-05-11
0.23334108752544347,0.227,0.311,0.03157627629233285,70,0.3100580110497237,0.301,0.05,0.05,4946812,2025-05-12
0.25758087553835257,0.23700000000000002,0.437,0.06099990997155914,89,0.34156561085972836,0.3155,0.05,0.05,4946812,2025-05-13
,,,,0,,,0.05,0.05,4946812,2025-05-14
,,,,0,,,0.05,0.05,4946812,2025-05-15
,,,,0,,,0.05,0.05,4946812,2025-05-16
,,,,0,,,0.05,0.05,4946812,2025-05-17
,,,,0,,,0.05,0.05,4946812,2025-05-18
,,,,0,,,0.05,0.05,4946812,2025-05-19
,,,,0,,,0.05,0.05,4946812,2025-05-20
,,,,0,,,0.05,0.05,4946812,2025-05-21
,,,,0,,,0.05,0.05,4946812,2025-05-22
,,,,0,,,0.05,0.05,4946812,2025-05-23
,,,,0,,,0.05,0.05,4946812,2025-05-24
,,,,0,,,0.05,0.05,4946812,2025-05-25
,,,,0,,,0.05,0.05,4946812,2025-05-26
,,,,0,,,0.05,0.05,4946812,2025-05-27
,,,,0,,,0.05,0.05,4946812,2025-05-28
,,,,0,,,0.05,0.05,4946812,2025-05-29
,,,,0,,,0.05,0.05,4946812,2025-05-30
0.35071580188679247,0.354,0.356,0.01845094848510388,8,0.463056603773585,0.467,0.05,0.05,4946812,2025-05-31
0.06360536159600998,0.04,0.123,0.04482744694938584,8,0.08502493765586035,0.053,0.05,0.05,4946812,2025-06-01
0.43015676485272086,0.428,0.445,0.009691086614169432,13,0.5648017973040439,0.562,0.05,0.05,4946812,2025-06-02
,,,,0,,,0.05,0.05,4946812,2025-06-03
,,,,0,,,0.05,0.05,4946812,2025-06-04
,,,,0,,,0.05,0.05,4946812,2025-06-05
,,,,0,,,0.05,0.05,4946812,2025-06-06
,,,,0,,,0.05,0.05,4946812,2025-06-07
,,,,0,,,0.05,0.05,4946812,2025-06-08
,,,,0,,,0.05,0.05,4946812,2025-06-09
,,,,0,,,0.05,0.05,4946812,2025-06-10
0.3498523489932887,0.338,0.437,0.0449539764648247,20,0.4619261744966443,0.446,0.05,0.05,4946812,2025-06-11
,,,,0,,,0.05,0.05,4946812,2025-06-12
,,,,0,,,0.05,0.05,4946812,2025-06-13
,,,,0,,,0.05,0.05,4946812,2025-06-14
,,,,0,,,0.05,0.05,4946812,2025-06-15
,,,,0,,,0.05,0.05,4946812,2025-06-16
,,,,0,,,0.05,0.05,4946812,2025-06-17
,,,,0,,,0.05,0.05,4946812,2025-06-18
,,,,0,,,0.05,0.05,4946812,2025-06-19
,,,,0,,,0.05,0.05,4946812,2025-06-20
,,,,0,,,0.05,0.05,4946812,2025-06-21
,,,,0,,,0.05,0.05,4946812,2025-06-22
,,,,0,,,0.05,0.05,4946812,2025-06-23
,,,,0,,,0.05,0.05,4946812,2025-06-24
,,,,0,,,0.05,0.05,4946812,2025-06-25
,,,,0,,,0.05,0.05,4946812,2025-06-26
,,,,0,,,0.05,0.05,4946812,2025-06-27
,,,,0,,,0.05,0.05,4946812,2025-06-28
,,,,0,,,0.05,0.05,4946812,2025-06-29
,,,,0,,,0.05,0.05,4946812,2025-06-30
,,,,0,,,0.05,0.05,4946812,2025-07-01
,,,,0,,,0.05,0.05,4946812,2025-07-02
,,,,0,,,0.05,0.05,4946812,2025-07-03
,,,,0,,,0.05,0.05,4946812,2025-07-04
,,,,0,,,0.05,0.05,4946812,2025-07-05
,,,,0,,,0.05,0.05,4946812,2025-07-06
,,,,0,,,0.05,0.05,4946812,2025-07-07
0.30431944730872346,0.313,0.343,0.02199465373447408,26,0.4026566302330376,0.41400000000000003,0.05,0.05,4946812,2025-07-08
0.37874891304347824,0.38,0.40800000000000003,0.013582055154586574,6,0.5001739130434782,0.502,0.05,0.05,4946812,2025-07-09
,,,,0,,,0.05,0.05,4946812,2025-07-10
,,,,0,,,0.05,0.05,4946812,2025-07-11
,,,,0,,,0.05,0.05,4946812,2025-07-12
,,,,0,,,0.05,0.05,4946812,2025-07-13
,,,,0,,,0.05,0.05,4946812,2025-07-14
,,,,0,,,0.05,0.05,4946812,2025-07-15
,,,,0,,,0.05,0.05,4946812,2025-07-16
0.36037440758293837,0.365,0.365,0.030499999999999666,2,0.47685781990521325,0.483,0.05,0.05,4946812,2025-07-17
,,,,0,,,0.05,0.05,4946812,2025-07-18
,,,,0,,,0.05,0.05,4946812,2025-07-19
,,,,0,,,0.05,0.05,4946812,2025-07-20
,,,,0,,,0.05,0.05,4946812,2025-07-21
,,,,0,,,0.05,0.05,4946812,2025-07-22
,,,,0,,,0.05,0.05,4946812,2025-07-23
,,,,0,,,0.05,0.05,4946812,2025-07-24
,,,,0,,,0.05,0.05,4946812,2025-07-25
,,,,0,,,0.05,0.05,4946812,2025-07-26
,,,,0,,,0.05,0.05,4946812,2025-07-27
,,,,0,,,0.05,0.05,4946812,2025-07-28
,,,,0,,,0.05,0.05,4946812,2025-07-29
,,,,0,,,0.05,0.05,4946812,2025-07-30
,,,,0,,,0.05,0.05,4946812,2025-07-31
,,,,0,,,0.05,0.05,4946812,2025-08-01
0.39463163344550845,0.395,0.433,0.019340050413984917,57,0.5207419104323064,0.522,0.05,0.05,4946812,2025-08-02
0.3048447664281848,0.304,0.35100000000000003,0.021259688967620215,80,0.4032762580412433,0.401,0.05,0.05,4946812,2025-08-03
,,,,0,,,0.05,0.05,4946812,2025-08-04
,,,,0,,,0.05,0.05,4946812,2025-08-05
,,,,0,,,0.05,0.05,4946812,2025-08-06
,,,,0,,,0.05,0.05,4946812,2025-08-07
0.3025137858908538,0.304,0.338,0.02849899676541624,23,0.4003285795778665,0.402,0.05,0.05,4946812,2025-08-08
,,,,0,,,0.05,0.05,4946812,2025-08-09
,,,,0,,,0.05,0.05,4946812,2025-08-10
,,,,0,,,0.05,0.05,4946812,2025-08-11
,,,,0,,,0.05,0.05,4946812,2025-08-12
,,,,0,,,0.05,0.05,4946812,2025-08-13
,,,,0,,,0.05,0.05,4946812,2025-08-14
,,,,0,,,0.05,0.05,4946812,2025-08-15
,,,,0,,,0.05,0.05,4946812,2025-08-16
,,,,0,,,0.05,0.05,4946812,2025-08-17
,,,,0,,,0.05,0.05,4946812,2025-08-18
,,,,0,,,0.05,0.05,4946812,2025-08-19
,,,,0,,,0.05,0.05,4946812,2025-08-20
,,,,0,,,0.05,0.05,4946812,2025-08-21
,,,,0,,,0.05,0.05,4946812,2025-08-22
,,,,0,,,0.05,0.05,4946812,2025-08-23
,,,,0,,,0.05,0.05,4946812,2025-08-24
,,,,0,,,0.05,0.05,4946812,2025-08-25
,,,,0,,,0.05,0.05,4946812,2025-08-26
,,,,0,,,0.05,0.05,4946812,2025-08-27
0.2900574712643678,0.28,0.396,0.0538739488701536,13,0.38407797452625037,0.372,0.05,0.05,4946812,2025-08-28
,,,,0,,,0.05,0.05,4946812,2025-08-29
0.438,0.438,0.438,0.0,1,0.5740000000000001,0.5740000000000001,0.05,0.05,4946812,2025-08-30
0.17,0.17,0.17,0.0,1,0.226,0.226,0.05,0.05,4946812,2025-08-31
,,,,0,,,0.05,0.05,4946812,2025-09-01
,,,,0,,,0.05,0.05,4946812,2025-09-02
0.15506411103767345,0.145,0.331,0.0441169881004275,65,0.20678938092090768,0.195,0.05,0.05,4946812,2025-09-03
0.23855527900441584,0.245,0.312,0.040743852009685916,59,0.3167531914893617,0.325,0.05,0.05,4946812,2025-09-04
0.12652330618610289,0.124,0.353,0.042067488744217056,61,0.16909435106567317,0.166,0.05,0.05,4946812,2025-09-05
,,,,0,,,0.05,0.05,4946812,2025-09-06
0.20855847255369933,0.201,0.335,0.09233732624557528,11,0.27705584725536997,0.268,0.05,0.05,4946812,2025-09-07
,,,,0,,,0.05,0.05,4946812,2025-09-08
,,,,0,,,0.05,0.05,4946812,2025-09-09
,,,,0,,,0.05,0.05,4946812,2025-09-10
,,,,0,,,0.05,0.05,4946812,2025-09-11
,,,,0,,,0.05,0.05,4946812,2025-09-12
,,,,0,,,0.05,0.05,4946812,2025-09-13
,,,,0,,,0.05,0.05,4946812,2025-09-14
,,,,0,,,0.05,0.05,4946812,2025-09-15
0.2147510548523207,0.17300000000000001,0.336,0.09024471937459827,8,0.2847869198312237,0.231,0.05,0.05,4946812,2025-09-16
,,,,0,,,0.05,0.05,4946812,2025-09-17
0.5525212484993999,0.555,0.646,0.0537230598510856,26,0.7233378151260506,0.728,0.05,0.05,4946812,2025-09-18
0.3576185233160622,0.354,0.443,0.06578691638423984,7,0.4721774611398964,0.468,0.05,0.05,4946812,2025-09-19
0.3834230158730159,0.392,0.422,0.03486804571875025,14,0.5056174603174602,0.518,0.05,0.05,4946812,2025-09-20
,,,,0,,,0.05,0.05,4946812,2025-09-21
,,,,0,,,0.05,0.05,4946812,2025-09-22
0.3261396998953123,0.331,0.367,0.026512404575441267,42,0.43095335582179845,0.437,0.05,0.05,4946812,2025-09-23
,,,,0,,,0.05,0.05,4946812,2025-09-24
,,,,0,,,0.05,0.05,4946812,2025-09-25
,,,,0,,,0.05,0.05,4946812,2025-09-26
,,,,0,,,0.05,0.05,4946812,2025-09-27
,,,,0,,,0.05,0.05,4946812,2025-09-28
,,,,0,,,0.05,0.05,4946812,2025-09-29
,,,,0,,,0.05,0.05,4946812,2025-09-30
,,,,0,,,0.05,0.05,4946812,2025-10-01
0.23497476022211009,0.23500000000000001,0.267,0.020886432331912133,12,0.312017667844523,0.312,0.05,0.05,4946812,2025-10-02
0.1811910553410553,0.178,0.252,0.02641564433119307,72,0.24135727155727152,0.23700000000000002,0.05,0.05,4946812,2025-10-03
0.2063935594886922,0.202,0.316,0.04528961623125428,23,0.2744529252704031,0.269,0.05,0.05,4946812,2025-10-04
,,,,0,,,0.05,0.05,4946812,2025-10-05
,,,,0,,,0.05,0.05,4946812,2025-10-06
,,,,0,,,0.05,0.05,4946812,2025-10-07
,,,,0,,,0.05,0.05,4946812,2025-10-08
0.4749481048079369,0.47400000000000003,0.533,0.028774131043072138,18,0.6232124141439839,0.622,0.05,0.05,4946812,2025-10-09
,,,,0,,,0.05,0.05,4946812,2025-10-10
,,,,0,,,0.05,0.05,4946812,2025-10-11
,,,,0,,,0.05,0.05,4946812,2025-10-12
,,,,0,,,0.05,0.05,4946812,2025-10-13
,,,,0,,,0.05,0.05,4946812,2025-10-14
,,,,0,,,0.05,0.05,4946812,2025-10-15
,,,,0,,,0.05,0.05,4946812,2025-10-16
0.21090864706520562,0.202,0.328,0.057285095986846286,45,0.28043332971682755,0.27,0.05,0.05,4946812,2025-10-17
0.37885093829386224,0.3715,0.504,0.06895756545393218,60,0.49880668688027524,0.4895,0.05,0.05,4946812,2025-10-18
,,,,0,,,0.05,0.05,4946812,2025-10-19
0.32388234664382826,0.318,0.369,0.020988577829515402,48,0.427820468900546,0.42,0.05,0.05,4946812,2025-10-20
,,,,0,,,0.05,0.05,4946812,2025-10-21
,,,,0,,,0.05,0.05,4946812,2025-10-22
,,,,0,,,0.05,0.05,4946812,2025-10-23
,,,,0,,,0.05,0.05,4946812,2025-10-24
,,,,0,,,0.05,0.05,4946812,2025-10-25
,,,,0,,,0.05,0.05,4946812,2025-10-26
,,,,0,,,0.05,0.05,4946812,2025-10-27
,,,,0,,,0.05,0.05,4946812,2025-10-28
,,,,0,,,0.05,0.05,4946812,2025-10-29
,,,,0,,,0.05,0.05,4946812,2025-10-30
,,,,0,,,0.05,0.05,4946812,2025-10-31
,,,,0,,,0.05,0.05,4946812,2025-11-01
,,,,0,,,0.05,0.05,4946812,2025-11-02
,,,,0,,,0.05,0.05,4946812,2025-11-03
,,,,0,,,0.05,0.05,4946812,2025-11-04
,,,,0,,,0.05,0.05,4946812,2025-11-05
0.4014970212765958,0.404,0.42,0.014302291968619355,6,0.529404255319149,0.534,0.05,0.05,4946812,2025-11-06
,,,,0,,,0.05,0.05,4946812,2025-11-07
,,,,0,,,0.05,0.05,4946812,2025-11-08
,,,,0,,,0.05,0.05,4946812,2025-11-09
,,,,0,,,0.05,0.05,4946812,2025-11-10
,,,,0,,,0.05,0.05,4946812,2025-11-11
,,,,0,,,0.05,0.05,4946812,2025-11-12
0.2163530534351145,0.22756624722427832,0.403,0.06063501183114633,104,0.286563778154745,0.301625,0.05,0.05,4946812,2025-11-13
0.12030359173616378,0.11750000000000002,0.177,0.01633485225265581,102,0.16081825720242607,0.1575,0.05,0.05,4946812,2025-11-14
0.23479667361637593,0.22966666666666669,0.354,0.025194301169483593,102,0.31153158169067474,0.30525,0.05,0.05,4946812,2025-11-15
,,,,0,,,0.05,0.05,4946812,2025-11-16
,,,,0,,,0.05,0.05,4946812,2025-11-17
,,,,0,,,0.05,0.05,4946812,2025-11-18
,,,,0,,,0.05,0.05,4946812,2025-11-19
0.2082798995451099,0.21,0.233,0.01107964595111847,102,0.2774227160727823,0.28,0.05,0.05,4946812,2025-11-20
0.209485500379075,0.20700000000000005,0.257,0.015402285290074954,102,0.2789057524639879,0.276,0.05,0.05,4946812,2025-11-21
,,,,0,,,0.05,0.05,4946812,2025-11-22
0.40750691811978773,0.40099227799227805,0.49,0.03336625680872248,102,0.5366870735405609,0.5290000000000001,0.05,0.05,4946812,2025-11-23
0.2644952615617893,0.26399999999999996,0.314,0.015971494726254823,102,0.3509139262699015,0.35,0.05,0.05,4946812,2025-11-24
0.2677839982941623,0.2675,0.34,0.01671104242318995,102,0.35494472611827155,0.35400000000000004,0.05,0.05,4946812,2025-11-25
0.25784180724033345,0.25625,0.34700000000000003,0.028073272201014805,102,0.3420235737300986,0.34,0.05,0.05,4946812,2025-11-26
0.24203802527041263,0.254,0.298,0.02694079418892893,101,0.3212411936441084,0.337,0.05,0.05,4946812,2025-11-27
0.2142446218726308,0.2115,0.264,0.01958267563743668,102,0.2848214556482183,0.2805,0.05,0.05,4946812,2025-11-28
0.27158995924943147,0.2665,0.3885,0.03768570575563907,102,0.35988137319939345,0.35324999999999995,0.05,0.05,4946812,2025-11-29
0.4761242222464795,0.48,0.528,0.03198917448060418,90,0.6248751228031875,0.629,0.05,0.05,4946812,2025-11-30
0.5009903873338986,0.49,0.68,0.06771397639964952,104,0.656713740458015,0.643,0.05,0.05,4946812,2025-12-01
0.6790624098867147,0.662,1.047,0.14486605400456645,29,0.8836867147270855,0.862,0.05,0.05,4946812,2025-12-02
,,,,0,,,0.05,0.05,4946812,2025-12-03
,,,,0,,,0.05,0.05,4946812,2025-12-04
,,,,0,,,0.05,0.05,4946812,2025-12-05
,,,,0,,,0.05,0.05,4946812,2025-12-06
,,,,0,,,0.05,0.05,4946812,2025-12-07
0.8319418084153984,0.848,0.868,0.040323690307311956,9,1.072695613249776,1.093,0.05,0.05,4946812,2025-12-08
,,,,0,,,0.05,0.05,4946812,2025-12-09
0.7128000771406533,0.7000000000000001,0.8270000000000001,0.047309547774814824,42,0.9265214708151195,0.911,0.05,0.05,4946812,2025-12-10
,,,,0,,,0.05,0.05,4946812,2025-12-11
,,,,0,,,0.05,0.05,4946812,2025-12-12
,,,,0,,,0.05,0.05,4946812,2025-12-13
0.34011369193154034,0.335,0.35000000000000003,0.00770973410695996,5,0.4491185819070905,0.443,0.05,0.05,4946812,2025-12-14
0.3778,0.3835,0.40800000000000003,0.02426849809938698,10,0.49890000000000007,0.5065,0.05,0.05,4946812,2025-12-15
,,,,0,,,0.05,0.05,4946812,2025-12-16
,,,,0,,,0.05,0.05,4946812,2025-12-17
,,,,0,,,0.05,0.05,4946812,2025-12-18
0.6850992720582353,0.664,0.893,0.09881593921908581,64,0.8903332533397327,0.865,0.05,0.05,4946812,2025-12-19
,,,,0,,,0.05,0.05,4946812,2025-12-20
0.4786469972523877,0.46,0.577,0.0567834065828913,38,0.6283804788695538,0.604,0.05,0.05,4946812,2025-12-21
,,,,0,,,0.05,0.05,4946812,2025-12-22
,,,,0,,,0.05,0.05,4946812,2025-12-23
,,,,0,,,0.05,0.05,4946812,2025-12-24
,,,,0,,,0.05,0.05,4946812,2025-12-25
0.26539987374963575,0.2655,0.301,0.020782230390407906,100,0.35184422647373015,0.3521666666666667,0.05,0.05,4946812,2025-12-26
,,,,0,,,0.05,0.05,4946812,2025-12-27
,,,,0,,,0.05,0.05,4946812,2025-12-28
,,,,0,,,0.05,0.05,4946812,2025-12-29
,,,,0,,,0.05,0.05,4946812,2025-12-30
,,,,0,,,0.05,0.05,4946812,2025-12-31
,,,,0,,,0.05,0.05,4946812,2026-01-01
,,,,0,,,0.05,0.05,4946812,2026-01-02
,,,,0,,,0.05,0.05,4946812,2026-01-03
,,,,0,,,0.05,0.05,4946812,2026-01-04
,,,,0,,,0.05,0.05,4946812,2026-01-05
,,,,0,,,0.05,0.05,4946812,2026-01-06
0.31587442276882477,0.316,0.3555,0.017107612215326782,104,0.41748025633776276,0.4179999999999999,0.05,0.05,4946812,2026-01-07
0.34085943423047765,0.338,0.3895,0.01946943058778367,102,0.45043141110689944,0.44775,0.05,0.05,4946812,2026-01-08
0.8130769955706342,0.78175,1.337,0.12639368754820873,104,1.0534010932051638,1.01275,0.05,0.05,4946812,2026-01-09
0.5125064654112791,0.5143887195121951,0.665,0.05705879557468334,99,0.671993116672403,0.676,0.05,0.05,4946812,2026-01-10
0.7378509094336066,0.74440350877193,0.8425,0.06050668699902076,104,0.9575863490717178,0.9673600469116497,0.05,0.05,4946812,2026-01-11
0.9966666666666667,0.996,1.0150000000000001,0.009499999999997812,2,1.2858421052631577,1.285,0.05,0.05,4946812,2026-01-12
0.8027566500314941,0.8072689873417722,0.8725,0.043472484113518034,100,1.039508987838558,1.043917808219178,0.05,0.05,4946812,2026-01-13
0.9033229930023686,0.8836,1.153,0.07710311277762558,90,1.1649532205631155,1.1388000000000003,0.05,0.05,4946812,2026-01-14
,,,,0,,,0.05,0.05,4946812,2026-01-15
,,,,0,,,0.05,0.05,4946812,2026-01-16
,,,,0,,,0.05,0.05,4946812,2026-01-17
,,,,0,,,0.05,0.05,4946812,2026-01-18
,,,,0,,,0.05,0.05,4946812,2026-01-19
,,,,0,,,0.05,0.05,4946812,2026-01-20
,,,,0,,,0.05,0.05,4946812,2026-01-21
,,,,0,,,0.05,0.05,4946812,2026-01-22
,,,,0,,,0.05,0.05,4946812,2026-01-23
,,,,0,,,0.05,0.05,4946812,2026-01-24
,,,,0,,,0.05,0.05,4946812,2026-01-25
,,,,0,,,0.05,0.05,4946812,2026-01-26
,,,,0,,,0.05,0.05,4946812,2026-01-27
,,,,0,,,0.05,0.05,4946812,2026-01-28
,,,,0,,,0.05,0.05,4946812,2026-01-29
,,,,0,,,0.05,0.05,4946812,2026-01-30
,,,,0,,,0.05,0.05,4946812,2026-01-31
,,,,0,,,0.05,0.05,4946812,2026-02-01
,,,,0,,,0.05,0.05,4946812,2026-02-02
,,,,0,,,0.05,0.05,4946812,2026-02-03
,,,,0,,,0.05,0.05,4946812,2026-02-04
,,,,0,,,0.05,0.05,4946812,2026-02-05
,,,,0,,,0.05,0.05,4946812,2026-02-06
,,,,0,,,0.05,0.05,4946812,2026-02-07
,,,,0,,,0.05,0.05,4946812,2026-02-08
,,,,0,,,0.05,0.05,4946812,2026-02-09
,,,,0,,,0.05,0.05,4946812,2026-02-10
,,,,0,,,0.05,0.05,4946812,2026-02-11
,,,,0,,,0.05,0.05,4946812,2026-02-12
,,,,0,,,0.05,0.05,4946812,2026-02-13
,,,,0,,,0.05,0.05,4946812,2026-02-14
,,,,0,,,0.05,0.05,4946812,2026-02-15
,,,,0,,,0.05,0.05,4946812,2026-02-16
,,,,0,,,0.05,0.05,4946812,2026-02-17
,,,,0,,,0.05,0.05,4946812,2026-02-18
,,,,0,,,0.05,0.05,4946812,2026-02-19
0.3236701164294954,0.316,0.432,0.046066824182956025,41,0.4276453016582382,0.417,0.05,0.05,4946812,2026-02-20
,,,,0,,,0.05,0.05,4946812,2026-02-21
,,,,0,,,0.05,0.05,4946812,2026-02-22
,,,,0,,,0.05,0.05,4946812,2026-02-23
,,,,0,,,0.05,0.05,4946812,2026-02-24
,,,,0,,,0.05,0.05,4946812,2026-02-25
,,,,0,,,0.05,0.05,4946812,2026-02-26
,,,,0,,,0.05,0.05,4946812,2026-02-27
,,,,0,,,0.05,0.05,4946812,2026-02-28
0.673,0.673,0.673,0.0,1,0.877,0.877,0.05,0.05,4946812,2026-03-01
,,,,0,,,0.05,0.05,4946812,2026-03-02
,,,,0,,,0.05,0.05,4946812,2026-03-03
,,,,0,,,0.05,0.05,4946812,2026-03-04
,,,,0,,,0.05,0.05,4946812,2026-03-05
,,,,0,,,0.05,0.05,4946812,2026-03-06
,,,,0,,,0.05,0.05,4946812,2026-03-07
,,,,0,,,0.05,0.05,4946812,2026-03-08
,,,,0,,,0.05,0.05,4946812,2026-03-09
0.19654205465587044,0.19,0.28,0.03768322110414802,94,0.2615157388663967,0.25225,0.05,0.05,4946812,2026-03-10
,,,,0,,,0.05,0.05,4946812,2026-03-11
,,,,0,,,0.05,0.05,4946812,2026-03-12
0.9621237331806467,0.966,1.071,0.04512195546574321,85,1.2405701116518748,1.246,0.05,0.05,4946812,2026-03-13
,,,,0,,,0.05,0.05,4946812,2026-03-14
,,,,0,,,0.05,0.05,4946812,2026-03-15
,,,,0,,,0.05,0.05,4946812,2026-03-16
,,,,0,,,0.05,0.05,4946812,2026-03-17
,,,,0,,,0.05,0.05,4946812,2026-03-18
,,,,0,,,0.05,0.05,4946812,2026-03-19
,,,,0,,,0.05,0.05,4946812,2026-03-20
,,,,0,,,0.05,0.05,4946812,2026-03-21
,,,,0,,,0.05,0.05,4946812,2026-03-22
,,,,0,,,0.05,0.05,4946812,2026-03-23
,,,,0,,,0.05,0.05,4946812,2026-03-24
,,,,0,,,0.05,0.05,4946812,2026-03-25
,,,,0,,,0.05,0.05,4946812,2026-03-26
,,,,0,,,0.05,0.05,4946812,2026-03-27
,,,,0,,,0.05,0.05,4946812,2026-03-28
0.41584031007751937,0.41100000000000003,0.439,0.012221292893963048,5,0.5479968992248062,0.543,0.05,0.05,4946812,2026-03-29
1.0030512851748083,1.0070000000000001,1.115,0.06184297521278471,39,1.2932267023998054,1.299,0.05,0.05,4946812,2026-03-30
1.0434883232134518,1.041,1.108,0.023368159141829246,42,1.3454929939280715,1.343,0.05,0.05,4946812,2026-03-31
,,,,0,,,0.05,0.05,4946812,2026-04-01
,,,,0,,,0.05,0.05,4946812,2026-04-02
,,,,0,,,0.05,0.05,4946812,2026-04-03
1.3752708955223882,1.375,1.416,0.01584960567334129,10,1.7732305970149256,1.7730000000000001,0.05,0.05,4946812,2026-04-04
2.9373223487780598,2.944,2.987,0.037880989625468715,40,3.77924892181798,3.7880000000000003,0.05,0.05,4946812,2026-04-05
1.4108831509952282,1.4279843627834246,1.516,0.14904848632240572,100,1.8187920622680607,1.8407858176555714,0.05,0.05,4946812,2026-04-06
1.6265093460236466,1.6320000000000003,1.7730000000000001,0.06316261992350275,98,2.093165628219594,2.1,0.05,0.05,4946812,2026-04-07
1.411317380352645,1.414,1.425,0.007364399160832666,8,1.8196095717884133,1.823,0.05,0.05,4946812,2026-04-08
1.4159223918575061,1.4480555555555554,1.545,0.08312719221204672,104,1.8252622278767308,1.867,0.05,0.05,4946812,2026-04-09
0.54738686559385,0.549,0.639,0.04393748285917113,75,0.7165329337416119,0.72,0.05,0.05,4946812,2026-04-10
1.3316659644078723,1.3500832625318606,1.639,0.10872223870325727,97,1.7165088732464184,1.7402332200509771,0.05,0.05,4946812,2026-04-11
1.448453152535735,1.4419627039627043,1.817,0.15970733170161563,98,1.8651238006657527,1.8547943444730077,0.05,0.05,4946812,2026-04-12
1.8021368218915026,1.792,1.9040000000000001,0.03487848457315162,77,2.318791766682669,2.306,0.05,0.05,4946812,2026-04-13
1.7669987479131881,1.798,2.121,0.16990493915816426,42,2.273866583194213,2.313,0.05,0.05,4946812,2026-04-14
,,,,0,,,0.05,0.05,4946812,2026-04-15
,,,,0,,,0.05,0.05,4946812,2026-04-16
,,,,0,,,0.05,0.05,4946812,2026-04-17
,,,,0,,,0.05,0.05,4946812,2026-04-18
,,,,0,,,0.05,0.05,4946812,2026-04-19
,,,,0,,,0.05,0.05,4946812,2026-04-20
,,,,0,,,0.05,0.05,4946812,2026-04-21
,,,,0,,,0.05,0.05,4946812,2026-04-22
,,,,0,,,0.05,0.05,4946812,2026-04-23
,,,,0,,,0.05,0.05,4946812,2026-04-24
,,,,0,,,0.05,0.05,4946812,2026-04-25
,,,,0,,,0.05,0.05,4946812,2026-04-26
,,,,0,,,0.05,0.05,4946812,2026-04-27
0.2402143933685004,0.23700000000000002,0.327,0.03300703870998068,41,0.3187647575985933,0.314,0.05,0.05,4946812,2026-04-28
0.41533333333333333,0.4145,0.449,0.022410315085295403,6,0.5466666666666667,0.5455000000000001,0.05,0.05,4946812,2026-04-29
,,,,0,,,0.05,0.05,4946812,2026-04-30
,,,,0,,,0.05,0.05,4946812,2026-05-01
,,,,0,,,0.05,0.05,4946812,2026-05-02
,,,,0,,,0.05,0.05,4946812,2026-05-03
,,,,0,,,0.05,0.05,4946812,2026-05-04
0.35917770452502257,0.355,0.45,0.06214765143199122,33,0.47359364698831286,0.46900000000000003,0.05,0.05,4946812,2026-05-05
,,,,0,,,0.05,0.05,4946812,2026-05-06
,,,,0,,,0.05,0.05,4946812,2026-05-07
,,,,0,,,0.05,0.05,4946812,2026-05-08
,,,,0,,,0.05,0.05,4946812,2026-05-09
,,,,0,,,0.05,0.05,4946812,2026-05-10
,,,,0,,,0.05,0.05,4946812,2026-05-11
,,,,0,,,0.05,0.05,4946812,2026-05-12
0.09567873723305481,0.077,0.433,0.08761157172428766,20,0.1274533426183844,0.10300000000000001,0.05,0.05,4946812,2026-05-13
,,,,0,,,0.05,0.05,4946812,2026-05-14
0.2262479683725018,0.227,0.315,0.033212168464683355,43,0.30071557215023065,0.301,0.05,0.05,4946812,2026-05-15
