date,location_id,location_name,latitude,longitude,pm25_mean,pm25_std,pm25_min,pm25_max,pm25_hourly_count,co_mean,co_std,no2_mean,no2_std,o3_mean,o3_std,so2_mean,so2_std,pm25_missing_hours,pm25_was_interpolated,day_of_week,day_of_year,month,year,is_weekend,season,split
2025-07-03 00:00:00+00:00,4946811,556 Nguyễn Văn Cừ,21.0491,105.8831,27.210613005050504,5.097745968434659,20.7175,34.215833333333336,8,1266.542039141414,809.007561843638,16.00522591991342,3.904954351200131,59.29860732323232,12.464320485960588,23.75191477272727,1.0990237546259674,0,0,3,184,7,2025,0,summer,train
2025-07-04 00:00:00+00:00,4946811,556 Nguyễn Văn Cừ,21.0491,105.8831,36.2029929503367,9.997144928174349,19.91111111111111,53.85333333333335,24,1413.4233475378787,547.8985930225131,38.44178076899952,22.02562131446144,53.93152098364598,15.626054752900256,24.389771043771045,1.0087406020822107,0,0,4,185,7,2025,0,summer,train
2025-07-05 00:00:00+00:00,4946811,556 Nguyễn Văn Cừ,21.0491,105.8831,35.4069892526455,13.2438389449197,5.754,58.77363636363636,24,1081.9906300354737,518.7324931141198,35.514761047979796,22.28803656470623,54.168916305916305,18.215682846488406,24.68160786435786,1.4881839242782253,0,0,5,186,7,2025,1,summer,train
2025-07-06 00:00:00+00:00,4946811,556 Nguyễn Văn Cừ,21.0491,105.8831,28.44689762205387,8.438162929069051,12.47777777777778,44.774,24,1349.4008122895623,617.4697455799311,30.533713489057238,14.936613539077385,56.334857112794616,18.365160329490095,24.618715277777778,1.1176601707487492,0,0,6,187,7,2025,1,summer,train
2025-07-07 00:00:00+00:00,4946811,556 Nguyễn Văn Cừ,21.0491,105.8831,37.870333213083214,10.750419134644059,15.905555555555557,54.78818181818181,24,1594.876158910534,768.8215746195128,39.97293846200096,24.649034324100395,58.30285016835017,18.071227221529277,24.951969847282346,1.445962953942456,0,0,0,188,7,2025,0,summer,train
2025-07-08 00:00:00+00:00,4946811,556 Nguyễn Văn Cừ,21.0491,105.8831,41.270737163299664,14.226884257153012,14.059166666666664,63.24545454545455,24,1492.2279966329968,730.9733252631451,42.53210293410293,19.783134185438463,54.693133943602696,20.021312054449325,25.625249053030302,2.5333882978642257,0,0,1,189,7,2025,0,summer,train
2025-07-09 00:00:00+00:00,4946811,556 Nguyễn Văn Cừ,21.0491,105.8831,39.96182281144781,17.2592521915215,9.629,71.08916666666669,24,1005.3661416245791,703.4147375331563,35.4517178030303,24.10586211637605,55.24725736531986,20.433730247440142,25.72953156565657,2.443858695597828,0,0,2,190,7,2025,0,summer,train
2025-07-10 00:00:00+00:00,4946811,556 Nguyễn Văn Cừ,21.0491,105.8831,21.88328556397306,17.8480993168534,4.1433333333333335,63.04583333333333,24,928.217911405724,678.5775949951632,30.01053808922559,16.844656043988596,52.841217036435786,17.904396447609443,24.249362373737373,1.0795532232932326,0,0,3,191,7,2025,0,summer,train
2025-07-11 00:00:00+00:00,4946811,556 Nguyễn Văn Cừ,21.0491,105.8831,23.536103535353533,11.971066707229918,6.26,53.70363636363636,24,947.2843781565657,417.1114907711526,28.341439393939396,10.597749707860798,55.47415277777778,15.355203258951494,23.869545454545456,0.7990735592673163,0,0,4,192,7,2025,0,summer,train
2025-07-12 00:00:00+00:00,4946811,556 Nguyễn Văn Cừ,21.0491,105.8831,21.88968572084481,9.21007636003767,9.800833333333332,41.32636363636363,22,868.3620244107743,359.84760505388965,29.591809343434345,11.445572218029065,56.54964983164984,17.02364140328024,23.958748106060607,0.796485246548904,8,0,5,193,7,2025,1,summer,train
2025-07-13 00:00:00+00:00,4946811,556 Nguyễn Văn Cừ,21.0491,105.8831,32.77066014309764,15.476160762279319,1.957,53.88090909090909,24,1025.6341114267677,318.0474863566804,33.931560185185184,13.28369831805073,60.62033186026937,16.09754776799557,24.427555555555557,1.285846197055042,0,0,6,194,7,2025,1,summer,train
2025-07-14 00:00:00+00:00,4946811,556 Nguyễn Văn Cừ,21.0491,105.8831,48.46098884680134,11.987955247541276,27.382727272727266,75.12444444444445,24,2153.712953493266,617.3231374044204,47.000086805555554,16.84194096346117,63.350703282828285,17.941386932560043,25.16417803030303,1.7596489133926705,0,0,0,195,7,2025,0,summer,train
2025-07-15 00:00:00+00:00,4946811,556 Nguyễn Văn Cừ,21.0491,105.8831,52.231854166666665,16.98561240213787,20.651818181818182,83.09818181818181,24,1682.9855508207072,1023.301127147189,48.08210833032708,28.76317690521905,63.34904587542087,18.770455546108117,24.95205303030303,1.3621508679577978,0,0,1,196,7,2025,0,summer,train
2025-07-16 00:00:00+00:00,4946811,556 Nguyễn Văn Cừ,21.0491,105.8831,31.261523899711403,7.168363322377934,13.214,41.49285714285714,24,1464.83775094697,839.7062084344327,36.54918222402598,19.378830139555607,58.33363576238576,19.583493022654984,25.165592968374217,1.5814091806675383,0,0,2,197,7,2025,0,summer,train
2025-07-17 00:00:00+00:00,4946811,556 Nguyễn Văn Cừ,21.0491,105.8831,34.886243250962,12.352853389162687,11.001,53.083333333333336,24,1238.9803739027177,623.7134135820833,39.589951554232805,19.11738051037513,54.85642161195286,21.035607369474114,25.657751112313615,1.9898114813470114,0,0,3,198,7,2025,0,summer,train
2025-07-18 00:00:00+00:00,4946811,556 Nguyễn Văn Cừ,21.0491,105.8831,46.47803998316498,17.09714224065192,13.841111111111111,73.05333333333334,24,1228.6568034511786,519.2052605168002,37.19939276695526,13.049789542644243,61.63105208333334,21.958776749068694,27.63551125841751,4.807028556931476,0,0,4,199,7,2025,0,summer,train
2025-07-19 00:00:00+00:00,4946811,556 Nguyễn Văn Cừ,21.0491,105.8831,65.24894297138047,16.868621887613337,40.615,96.42090909090908,24,1042.2460085227274,232.271688401733,38.01491445707071,13.890148628455666,74.58009038299663,27.656170211707284,26.522621542809045,3.6578264527851707,6,0,5,200,7,2025,1,summer,train
2025-07-20 00:00:00+00:00,4946811,556 Nguyễn Văn Cừ,21.0491,105.8831,65.03506944444445,16.87694882937401,40.3125,96.53166666666664,24,1032.0902777777776,235.03696190006028,37.89195580808081,13.430534617406227,73.52172853535353,29.26390725263523,26.49361111111111,3.5716958187910097,6,0,6,201,7,2025,1,summer,train
2025-07-21 00:00:00+00:00,4946811,556 Nguyễn Văn Cừ,21.0491,105.8831,65.04676452020202,16.89115657925041,40.3125,96.53166666666664,24,1032.9830018939394,236.3647260051809,37.92327525252525,13.463142166762669,73.36465151515152,29.17475202981604,26.506511994949495,3.597722493005787,6,0,0,202,7,2025,0,summer,train
2025-07-22 00:00:00+00:00,4946811,556 Nguyễn Văn Cừ,21.0491,105.8831,23.034853745791242,31.39736184755687,1.95,96.53166666666668,24,674.1352551557239,420.9751365789397,16.704121106902356,15.016622972465287,58.93195448532949,19.587084412633978,25.392377525252524,3.276416930586768,0,0,1,203,7,2025,0,summer,train
2025-07-23 00:00:00+00:00,4946811,556 Nguyễn Văn Cừ,21.0491,105.8831,25.508394570707072,7.897129673186996,4.224545454545456,43.11888888888889,24,1423.499323442761,781.7781350077646,23.08767676767677,11.58235045698751,61.2563768939394,14.712069786305687,24.660807975589222,0.8024181207416624,0,0,2,204,7,2025,0,summer,train
2025-07-24 00:00:00+00:00,4946811,556 Nguyễn Văn Cừ,21.0491,105.8831,27.106147832491583,11.704671247815009,1.9725,39.70777777777778,24,1406.626596696128,492.21788139893584,27.789558396464646,11.435158976393522,58.69478609006734,17.717041157045173,26.642192655723903,3.2045524282628053,0,0,3,205,7,2025,0,summer,train
2025-07-25 00:00:00+00:00,4946811,556 Nguyễn Văn Cừ,21.0491,105.8831,39.00539015151515,17.133877595345208,17.575454545454544,73.383,24,1358.0890298821548,699.425421662118,33.530992213804716,14.597280253079738,55.755987133237134,16.390485810009963,26.546474957912455,3.507199307544409,0,0,4,206,7,2025,0,summer,train
2025-07-26 00:00:00+00:00,4946811,556 Nguyễn Văn Cừ,21.0491,105.8831,36.63318876262626,11.341356543490555,21.733,62.34636363636364,24,1194.0268181818183,514.4012431212041,39.47023211279461,14.547568131475728,56.10880124158249,15.417909414430538,25.263546927609426,1.8489240835570646,0,0,5,207,7,2025,1,summer,train
2025-07-27 00:00:00+00:00,4946811,556 Nguyễn Văn Cừ,21.0491,105.8831,33.9034132996633,7.065844678864432,18.74625,48.25666666666667,24,1006.5705360900674,287.073763353777,35.639425790644545,12.397766952082796,60.08584126984127,15.337156117326257,24.880252735690238,0.8028144946097536,0,0,6,208,7,2025,1,summer,train
2025-07-28 00:00:00+00:00,4946811,556 Nguyễn Văn Cừ,21.0491,105.8831,48.65492754930255,11.701663089075502,25.595555555555556,77.05545454545455,24,1193.8944929578522,530.6278879851681,42.81318695135883,14.344887094591016,63.919399004930256,16.479984930436533,25.257498211279458,1.4746408204864763,1,0,0,209,7,2025,0,summer,train
2025-07-29 00:00:00+00:00,4946811,556 Nguyễn Văn Cừ,21.0491,105.8831,52.84396201599327,15.998197670128866,26.889090909090907,88.46000000000001,24,1201.7460506102695,533.7320799308415,40.78391077441078,19.244829573137118,71.48232344276094,18.982782639966306,25.723782407407402,1.637167952859654,0,0,1,210,7,2025,0,summer,train
2025-07-30 00:00:00+00:00,4946811,556 Nguyễn Văn Cừ,21.0491,105.8831,38.441503682659935,18.154830301539334,9.6925,66.26818181818182,24,1297.123683186027,763.8396808972708,38.67982309704185,19.54625561533504,65.1758310636123,20.192147814755447,26.410922604016353,4.048680813358689,0,0,2,211,7,2025,0,summer,train
2025-07-31 00:00:00+00:00,4946811,556 Nguyễn Văn Cừ,21.0491,105.8831,28.1533134469697,17.158597964075526,2.4483333333333333,63.33444444444444,24,928.2413353024291,458.3216285575211,33.836540208633956,16.318727610756252,68.22349195827321,19.457229203706525,24.997110915704667,1.3227346144111,0,0,3,212,7,2025,0,summer,train
2025-08-01 00:00:00+00:00,4946811,556 Nguyễn Văn Cừ,21.0491,105.8831,27.969328403078404,15.55291175491525,2.5,53.53666666666666,24,1098.9936253156566,552.6959772788666,33.22982901936027,11.767959294393386,63.78837847222223,19.99685142340939,24.687177293771043,0.9377731644459848,0,0,4,213,8,2025,0,summer,train
2025-08-02 00:00:00+00:00,4946811,556 Nguyễn Văn Cừ,21.0491,105.8831,41.773865530303034,11.536576704828057,28.335,66.03699999999999,24,1215.8155513468014,501.89556215748667,45.35257786195286,23.281128598967236,73.64354172679172,33.7437214811534,25.709571548821547,1.8190518575729682,0,0,5,214,8,2025,1,summer,train
2025-08-03 00:00:00+00:00,4946811,556 Nguyễn Văn Cừ,21.0491,105.8831,23.061000962000964,14.59886014804966,2.391,52.59100000000001,24,1019.1510101761664,460.702452041394,31.905616221741223,14.69844434947459,52.19385987854738,22.784400163402488,26.079020186988938,1.9124417416573312,0,0,6,215,8,2025,1,summer,train
2025-08-04 00:00:00+00:00,4946811,556 Nguyễn Văn Cừ,21.0491,105.8831,22.604075862794613,12.914843247523217,4.4275,51.077777777777776,24,1280.2099258958633,844.4949207153866,31.04596868987494,13.0528162734183,44.25968958934584,14.747430116371493,25.65152643999519,2.265440425515675,0,0,0,216,8,2025,0,summer,train
2025-08-05 00:00:00+00:00,4946811,556 Nguyễn Văn Cừ,21.0491,105.8831,36.297562244468494,14.544027691588303,9.813,68.93100000000001,24,1100.8095022396585,580.3028220991956,37.74498148148148,19.915884539429477,61.094026785714284,21.668509788989812,25.299853475228474,2.635681606639925,0,0,1,217,8,2025,0,summer,train
2025-08-06 00:00:00+00:00,4946811,556 Nguyễn Văn Cừ,21.0491,105.8831,35.004512791606544,16.396003624977734,6.293,57.51111111111111,24,1862.4243545574798,1021.5025555736833,33.003112674362676,19.583065926329,68.53666780904281,18.74591194064925,25.61351706048581,2.71840915990166,2,0,2,218,8,2025,0,summer,train
2025-08-07 00:00:00+00:00,4946811,556 Nguyễn Văn Cừ,21.0491,105.8831,39.17119402356902,12.469899945523917,20.769166666666663,61.05,24,1715.9299621212122,1006.5152014684123,38.39337273027898,23.63015664671299,54.12761638708514,18.017734347520467,27.420995054713803,3.7483366922031944,0,0,3,219,8,2025,0,summer,train
2025-08-08 00:00:00+00:00,4946811,556 Nguyễn Văn Cừ,21.0491,105.8831,31.942482744107746,10.824866242958452,9.884545454545457,50.23555555555557,24,1098.8368865740742,636.7417758227517,36.93863994107744,12.013663645025934,51.372534166065414,20.285252113447036,25.28085343013468,1.9365864932075616,0,0,4,220,8,2025,0,summer,train
2025-08-09 00:00:00+00:00,4946811,556 Nguyễn Văn Cừ,21.0491,105.8831,28.696798054954304,10.199660948770282,3.9260000000000006,46.38181818181818,24,1061.4519171626982,453.8428955225201,38.92683032708033,18.615373956474603,53.86703125,20.8266742164807,25.357487073112072,2.1341991129174263,0,0,5,221,8,2025,1,summer,train
2025-08-10 00:00:00+00:00,4946811,556 Nguyễn Văn Cừ,21.0491,105.8831,32.01563427429053,16.03752916175325,9.87857142857143,63.14333333333335,24,1545.9700400583215,767.7494630220859,23.72528863035113,10.761683349539675,57.59649376202501,19.455551012156107,25.505011769480518,3.440833553973376,4,0,6,222,8,2025,1,summer,train
2025-08-11 00:00:00+00:00,4946811,556 Nguyễn Văn Cừ,21.0491,105.8831,30.258862539081292,11.263530869317261,4.991818181818181,53.31000000000001,24,1321.0290519781145,925.5181094251036,32.55329584535835,20.83044850245618,55.330676963083214,21.68835742590361,25.41560180675806,1.9296151697633008,0,0,0,223,8,2025,0,summer,train
2025-08-12 00:00:00+00:00,4946811,556 Nguyễn Văn Cừ,21.0491,105.8831,28.249921296296296,12.351083798194962,5.0200000000000005,50.20454545454545,24,1379.5442866161613,719.8890924904547,33.16797285353535,15.605324063874457,51.836200276575276,23.054181245681047,26.693204755892257,3.2717028685426515,0,0,1,224,8,2025,0,summer,train
2025-08-13 00:00:00+00:00,4946811,556 Nguyễn Văn Cừ,21.0491,105.8831,41.278483195045695,14.117692484190444,22.574545454545454,69.803,24,1598.6078042328043,704.0194584774531,41.3599993536556,18.039412951224534,59.730655318061565,20.06068059283139,25.87179852092352,3.396719147353043,0,0,2,225,8,2025,0,summer,train
2025-08-14 00:00:00+00:00,4946811,556 Nguyễn Văn Cừ,21.0491,105.8831,42.65330713383838,21.83230028635456,2.8433333333333333,79.13777777777779,24,1526.3632230790045,945.4067873432192,52.75017015392015,26.171963556893132,56.04073451779701,18.766046683974707,24.966367754930257,1.6372986842394224,0,0,3,226,8,2025,0,summer,train
2025-08-15 00:00:00+00:00,4946811,556 Nguyễn Văn Cừ,21.0491,105.8831,25.689766744829242,8.269457290084292,7.135,37.25777777777778,24,1616.0971766774892,863.7189223821402,38.639095132876385,13.535674971337215,54.97561127645503,16.69393720106468,27.53140727212602,4.555464552150487,0,0,4,227,8,2025,0,summer,train
2025-08-16 00:00:00+00:00,4946811,556 Nguyễn Văn Cừ,21.0491,105.8831,26.118610449735453,7.510664342352938,11.55,40.975,24,1384.833199404762,727.612481234948,29.772031580687834,13.35278322925051,53.49692807539682,17.180304607892033,25.677145171957672,1.8013104268425675,0,0,5,228,8,2025,1,summer,train
2025-08-17 00:00:00+00:00,4946811,556 Nguyễn Văn Cừ,21.0491,105.8831,28.74199900793651,12.85475248261205,12.35,57.912,24,1423.347455357143,1105.2327279157416,30.12447817460318,13.972218135268879,53.79167063492064,15.986932050747548,24.81338244047619,1.476470513786961,0,0,6,229,8,2025,1,summer,train
2025-08-18 00:00:00+00:00,4946811,556 Nguyễn Văn Cừ,21.0491,105.8831,21.320116603404646,8.478180567572194,7.998,38.3875,24,1068.562730654762,631.09853158098,25.308502810846562,7.571912868479218,53.58846263227513,15.328199656266364,24.122528935185183,0.8146495285784644,5,0,0,230,8,2025,0,summer,train
2025-08-19 00:00:00+00:00,4946811,556 Nguyễn Văn Cừ,21.0491,105.8831,15.377915266798418,0.9652078690377818,13.871136363636364,16.44,8,1362.447767857143,752.0049186026802,23.06540558862434,9.833053612776002,59.16501521164022,15.03227951607499,24.525676752645506,0.9637991912838528,22,0,1,231,8,2025,0,summer,train
2025-08-20 00:00:00+00:00,4946811,556 Nguyễn Văn Cừ,21.0491,105.8831,17.62062542087542,5.14723776964321,5.885,22.73,9,1003.6733391203703,553.1993869602193,25.000245400432902,11.349781781748758,60.732671626984136,15.629153134920525,24.856454755892255,1.0931740776940098,16,0,2,232,8,2025,0,summer,train
2025-08-21 00:00:00+00:00,4946811,556 Nguyễn Văn Cừ,21.0491,105.8831,26.688682975589227,7.821133426589784,13.602222222222222,39.44833333333333,24,1165.2631507786195,731.2994720718849,22.214462436868686,14.6596005463819,72.24138325216451,19.3256579132604,24.651930976430975,0.8748895015901947,0,0,3,233,8,2025,0,summer,train
2025-08-22 00:00:00+00:00,4946811,556 Nguyễn Văn Cừ,21.0491,105.8831,21.84783253667629,10.18619753396724,1.7533333333333332,44.448,24,920.2921666065416,407.4936396415978,6.193205357142857,3.925860377829707,65.52402917568543,13.880831330325012,24.987230594636845,1.3108080093842287,0,0,4,234,8,2025,0,summer,train
2025-08-23 00:00:00+00:00,4946811,556 Nguyễn Văn Cừ,21.0491,105.8831,37.81030208333333,19.136060449129555,4.99,75.11500000000001,24,1667.3078042328043,960.8152740062573,1.586074481074481,0.3439716978367301,57.47330985449736,20.034417932560444,25.713393683862435,1.9603963015179784,0,0,5,235,8,2025,1,summer,train
2025-08-24 00:00:00+00:00,4946811,556 Nguyễn Văn Cừ,21.0491,105.8831,31.884373511904766,17.12982878463235,14.08,65.38600000000001,24,837.6988872354497,348.7174149392017,1.9834615384615384,0.06231481440776768,55.397815806878306,17.750862470581875,24.666854332010583,1.0099622810554614,0,0,6,236,8,2025,1,summer,train
2025-08-25 00:00:00+00:00,4946811,556 Nguyễn Văn Cừ,21.0491,105.8831,13.695120776214525,7.217424568358388,6.856666666666667,30.1075,24,610.1046136213323,327.6124245903742,1.2283928571428573,0.06776454721311254,49.718486682299186,14.345149790837906,24.55925686928812,0.5231441186363404,0,0,0,237,8,2025,0,summer,train
2025-08-26 00:00:00+00:00,4946811,556 Nguyễn Văn Cừ,21.0491,105.8831,14.568582386363637,6.150475127242323,3.186363636363637,24.43888888888889,24,1299.9753403829966,698.4479975538204,1.2328991596638654,0.1486008020817915,59.40345717592593,14.58629122415926,25.02638005050505,0.7679412566393833,0,0,1,238,8,2025,0,summer,train
2025-08-27 00:00:00+00:00,4946811,556 Nguyễn Văn Cừ,21.0491,105.8831,29.50302441077441,11.578712460015145,12.785555555555556,54.72666666666667,24,2469.923700772607,1225.4768745642295,1.463235294117647,0.21253663216032972,61.247968193843185,14.873042791746457,25.76707850829726,0.9672724180803172,0,0,2,239,8,2025,0,summer,train
2025-08-28 00:00:00+00:00,4946811,556 Nguyễn Văn Cừ,21.0491,105.8831,41.15958635461761,12.838968503869397,13.378,60.754,24,1712.7926400913902,799.9982572593698,2.0483031674208143,0.2724990326116372,54.016402432058676,16.830788248081497,26.346360374579124,2.007066797208264,0,0,3,240,8,2025,0,summer,train
2025-08-29 00:00:00+00:00,4946811,556 Nguyễn Văn Cừ,21.0491,105.8831,32.09414246632997,16.476731368633033,11.177,57.8525,24,1033.761360254329,532.8408294446795,3.235333333333333,0.22533333333333339,57.04678336940837,15.24382858137569,25.292244137806637,1.3094514535006028,0,0,4,241,8,2025,0,summer,train
2025-08-30 00:00:00+00:00,4946811,556 Nguyễn Văn Cừ,21.0491,105.8831,16.361978354978355,6.1925927045171605,7.05,27.756,24,942.7668189333814,390.6060359337484,2.6900833333333334,1.7252999788312953,53.10448660714286,16.39585876064537,25.083886198292447,0.8696714516841706,0,0,5,242,8,2025,1,summer,train
2025-08-31 00:00:00+00:00,4946811,556 Nguyễn Văn Cừ,21.0491,105.8831,29.87481334175084,11.205907753000307,3.581666666666667,50.686,24,1226.4971580387205,533.0610277926775,1.6734444444444445,0.25021407827562425,56.91542165704666,17.02339247856851,25.59807375841751,1.0154213259062923,0,0,6,243,8,2025,1,summer,train
2025-09-01 00:00:00+00:00,4946811,556 Nguyễn Văn Cừ,21.0491,105.8831,32.51409059343435,9.31168609956493,15.894,44.76375,24,1788.678062394781,984.5586605445334,1.37025,0.03450905678224198,58.01842750420875,14.32720255181838,25.46217539983165,1.0212621740615495,0,0,0,244,9,2025,0,autumn,train
2025-09-02 00:00:00+00:00,4946811,556 Nguyễn Văn Cừ,21.0491,105.8831,30.129760311447814,8.487406996532634,12.548000000000002,45.723333333333336,24,1256.4743760521885,508.9756042478196,1.589090909090909,0.07266285025487586,59.238998301467056,16.28877417626768,25.3741875,0.9790628232065631,0,0,1,245,9,2025,0,autumn,train
2025-09-03 00:00:00+00:00,4946811,556 Nguyễn Văn Cừ,21.0491,105.8831,26.132732744107745,12.078342927343376,3.92,50.87400000000001,24,1295.8726646675084,750.887168992339,1.5392286706349205,0.28162966067656936,49.15149410774411,20.282681990798295,26.305268728956232,1.6168003534327222,2,0,2,246,9,2025,0,autumn,train
2025-09-04 00:00:00+00:00,4946811,556 Nguyễn Văn Cừ,21.0491,105.8831,26.37330260942761,14.693386274129978,3.1675,52.39818181818183,24,1297.4436491402116,758.6509358250929,18.51180860690236,22.771511289098246,46.81861877705628,20.01438280678021,26.841329966329965,2.1289216525055568,1,0,3,247,9,2025,0,autumn,train
2025-09-05 00:00:00+00:00,4946811,556 Nguyễn Văn Cừ,21.0491,105.8831,29.370126893939396,12.987391821617578,6.476666666666667,59.85090909090909,24,1347.1088846801347,799.8942247814953,36.99197474747475,19.556825937696267,46.0333890993266,20.29573768620764,28.022279671717172,2.8020999250060488,0,0,4,248,9,2025,0,autumn,train
2025-09-06 00:00:00+00:00,4946811,556 Nguyễn Văn Cừ,21.0491,105.8831,30.823496843434345,9.391846506964697,11.670000000000002,52.54909090909093,24,1182.1223842592592,597.883923713867,35.82857028619529,16.96487869088037,50.28997979797979,22.458447909609358,28.729193181818186,5.255207736960625,0,0,5,249,9,2025,1,autumn,validation
2025-09-07 00:00:00+00:00,4946811,556 Nguyễn Văn Cừ,21.0491,105.8831,48.70408712121212,19.138517126330104,9.321818181818182,82.02833333333332,24,1310.7192329545453,377.68634081290946,51.5825928030303,20.330486888852104,57.93803977272727,19.621716040428222,35.43832765151515,12.234662047963235,0,0,6,250,9,2025,1,autumn,validation
2025-09-08 00:00:00+00:00,4946811,556 Nguyễn Văn Cừ,21.0491,105.8831,58.55276199494949,22.648619601468162,23.733636363636364,104.92333333333336,24,1153.9874789562289,650.9051639879826,46.05967760942761,26.801666087968265,88.47304124579125,43.52387195938529,28.14586153198653,3.7511628241196964,0,0,0,251,9,2025,0,autumn,validation
2025-09-09 00:00:00+00:00,4946811,556 Nguyễn Văn Cừ,21.0491,105.8831,36.818786300505046,11.093002108933675,16.64090909090909,60.85699999999999,24,1838.353159722222,1170.4930851634358,37.485640782828284,9.421485025812938,53.65418992003367,19.691532570743576,28.316103535353534,3.95776189841602,0,0,1,252,9,2025,0,autumn,validation
2025-09-10 00:00:00+00:00,4946811,556 Nguyễn Văn Cừ,21.0491,105.8831,36.146074494949495,9.347602734733576,18.382727272727276,49.647272727272735,24,1349.224436026936,763.3623887089974,39.2375049452862,23.02555061811438,58.03363457491582,18.37035819753203,27.513203703703706,3.286330424558615,0,0,2,253,9,2025,0,autumn,validation
2025-09-11 00:00:00+00:00,4946811,556 Nguyễn Văn Cừ,21.0491,105.8831,27.75785711279461,10.97476761853327,4.806363636363637,50.99666666666666,24,1563.3867829335015,850.1853905510261,24.059601536195288,8.287986806574008,56.629605744949494,17.489966976739563,27.74361752946128,2.6092114441314873,0,0,3,254,9,2025,0,autumn,validation
2025-09-12 00:00:00+00:00,4946811,556 Nguyễn Văn Cừ,21.0491,105.8831,21.63092544492545,8.036131916949204,8.622,39.20750000000001,24,1157.2664458573834,813.1025152005961,22.40087638287638,12.221924405335505,58.45098376623377,18.375639858839435,26.916653243746993,1.9738244130994118,0,0,4,255,9,2025,0,autumn,validation
2025-09-13 00:00:00+00:00,4946811,556 Nguyễn Văn Cừ,21.0491,105.8831,25.670696969696973,9.467223109255809,7.699090909090909,39.448181818181816,24,1381.360817550505,606.5000438802534,31.8503648989899,14.467852680345468,52.303876788720544,19.972428525998478,27.05087626262626,2.4756696992992606,0,0,5,256,9,2025,1,autumn,validation
2025-09-14 00:00:00+00:00,4946811,556 Nguyễn Văn Cừ,21.0491,105.8831,32.10318213383838,7.2409024780440205,14.93,46.20333333333334,24,1300.7348184974746,549.3887633947536,35.944683186026936,15.561145582660542,53.87903472222222,19.66243445616297,27.9381743476431,3.7722452563690325,0,0,6,257,9,2025,1,autumn,validation
2025-09-15 00:00:00+00:00,4946811,556 Nguyễn Văn Cừ,21.0491,105.8831,29.964055134680134,8.94410253564653,13.64,46.109,24,1419.562904040404,690.259664530323,31.27899978956229,12.368756696073007,53.238735058922565,18.912587401367183,27.9413648989899,2.919917089466195,0,0,0,258,9,2025,0,autumn,validation
2025-09-16 00:00:00+00:00,4946811,556 Nguyễn Văn Cừ,21.0491,105.8831,33.245933922558926,10.805760390787512,10.083636363636364,58.682,24,1079.785238320707,532.3855146740673,39.72349579124579,16.329103644521968,56.69815867003367,22.936383728942356,30.925984953703704,7.9741005855228835,0,0,1,259,9,2025,0,autumn,validation
2025-09-17 00:00:00+00:00,4946811,556 Nguyễn Văn Cừ,21.0491,105.8831,38.52543402777778,15.929175553623185,16.794545454545457,73.19727272727273,24,1431.616366266835,786.5299625626759,30.85978472222222,12.973304897735217,52.603136047979795,15.935410079980244,26.864935921717173,1.808865735337565,0,0,2,260,9,2025,0,autumn,validation
2025-09-18 00:00:00+00:00,4946811,556 Nguyễn Văn Cừ,21.0491,105.8831,40.63657993626744,18.388023606822898,4.661111111111111,76.17,24,1182.1109218674844,550.4960467278868,36.05331165824916,13.07898908536374,53.8167641444204,18.833196870050323,27.235868611712363,2.422763578122193,0,0,3,261,9,2025,0,autumn,validation
2025-09-19 00:00:00+00:00,4946811,556 Nguyễn Văn Cừ,21.0491,105.8831,37.448188492063494,12.72463702972888,6.142,56.176,24,1538.2203100949976,632.4549230604631,36.483692565536316,17.347327560717567,54.07657804232804,19.33686023807247,27.58953186628187,1.8816101353073806,0,0,4,262,9,2025,0,autumn,validation
2025-09-20 00:00:00+00:00,4946811,556 Nguyễn Văn Cừ,21.0491,105.8831,53.525323743386245,18.761851258617057,20.812222222222218,93.43666666666668,24,1340.6369532377346,535.3893535668503,54.54932775673401,20.097415075390014,70.16401082251083,23.741071368135678,27.405708694083696,2.358121986303724,0,0,5,263,9,2025,1,autumn,validation
2025-09-21 00:00:00+00:00,4946811,556 Nguyễn Văn Cừ,21.0491,105.8831,42.971000000000004,11.039523618932009,10.343333333333334,58.325,24,1371.0674520502646,619.2961386125817,45.73949520502646,13.889247316810136,69.69969775132274,25.422106291590936,27.767185185185184,3.375422020904713,5,0,6,264,9,2025,1,autumn,validation
2025-09-22 00:00:00+00:00,4946811,556 Nguyễn Văn Cừ,21.0491,105.8831,36.52027777777778,9.754231127716558,15.7375,50.678,24,1543.1408085317462,859.6735067526486,42.16480009920635,14.311351368603678,56.21890261243386,18.332248158312794,29.31371097883598,4.277648314931615,1,0,0,265,9,2025,0,autumn,validation
2025-09-23 00:00:00+00:00,4946811,556 Nguyễn Văn Cừ,21.0491,105.8831,38.253819444444446,14.975343813681304,9.82,61.32,24,1057.063318452381,447.0202331302436,34.78946626984127,11.711939443891174,62.27920188492064,28.06995846490077,27.996485615079365,2.0992110857068607,1,0,1,266,9,2025,0,autumn,validation
2025-09-24 00:00:00+00:00,4946811,556 Nguyễn Văn Cừ,21.0491,105.8831,34.817326388888894,14.560263779406693,1.06,55.46,24,871.8112921626985,387.1417780042699,32.476653273809525,9.613776953225015,47.81142410714286,15.317063497548176,28.17143253968254,1.8493485216078935,6,0,2,267,9,2025,0,autumn,validation
2025-09-25 00:00:00+00:00,4946811,556 Nguyễn Văn Cừ,21.0491,105.8831,25.379125000000002,9.443872657886788,12.305,50.33,24,990.9094667658732,631.2669662845752,23.493527777777775,7.725530392548006,51.470044146825394,16.683169050063178,26.039008432539685,1.0008641454107319,8,0,3,268,9,2025,0,autumn,validation
2025-09-26 00:00:00+00:00,4946811,556 Nguyễn Văn Cừ,21.0491,105.8831,26.37836226851852,10.117978553537286,6.853999999999999,42.37555555555555,24,1070.4475884589947,531.7340552590094,25.165379960317463,10.603843746691853,51.71677050264551,14.52711688191178,26.275202876984128,0.901385162296397,1,0,4,269,9,2025,0,autumn,validation
2025-09-27 00:00:00+00:00,4946811,556 Nguyễn Văn Cừ,21.0491,105.8831,27.2273887987013,15.0816346918794,3.0,60.46454545454546,24,1025.824273538961,417.30418160703107,29.889278394059644,10.86448685879979,53.17267679773929,17.665430376518316,26.543718449374698,1.0651713552365738,0,0,5,270,9,2025,1,autumn,validation
2025-09-28 00:00:00+00:00,4946811,556 Nguyễn Văn Cừ,21.0491,105.8831,15.590618265993266,8.205139893846605,4.665,35.13625,24,663.4300008267195,267.5626529961512,19.78481467953343,10.766884916298643,57.38242322029822,18.140236478581418,26.286891624579127,0.8041317034363753,0,0,6,271,9,2025,1,autumn,validation
2025-09-29 00:00:00+00:00,4946811,556 Nguyễn Văn Cừ,21.0491,105.8831,18.86663310185185,11.862426247551342,6.056666666666668,56.67833333333334,24,543.0639583333333,331.32365425268245,14.077789351851854,5.4066714380765495,51.07347506313132,13.734658770784053,26.085570436507936,0.6631524743707855,0,0,0,272,9,2025,0,autumn,validation
2025-09-30 00:00:00+00:00,4946811,556 Nguyễn Văn Cừ,21.0491,105.8831,15.733507936507936,1.507955402722058,14.626999999999999,19.49857142857143,9,1111.613253968254,174.12073783300218,11.528479365079365,1.5397943590356196,78.19911111111111,3.822400372947756,26.3442,0.03801526009380902,21,0,1,273,9,2025,0,autumn,validation
2025-10-01 00:00:00+00:00,4946811,556 Nguyễn Văn Cừ,21.0491,105.8831,26.027985569985567,8.145982050765815,7.678750000000001,39.2625,21,1600.037421665636,615.0199543143888,25.14724546485261,14.954219040081815,59.91843083900227,14.873055457438173,26.80697127739985,0.7882485433669345,3,0,2,274,10,2025,0,autumn,validation
2025-10-02 00:00:00+00:00,4946811,556 Nguyễn Văn Cừ,21.0491,105.8831,31.14727247174122,17.681505696227177,4.026666666666666,66.71200000000002,24,1426.0839895232084,941.8581164888799,28.896421942640696,15.039685627274377,51.80971180555556,18.767353589836326,28.060833032708032,1.9376774464296234,0,0,3,275,10,2025,0,autumn,validation
2025-10-03 00:00:00+00:00,4946811,556 Nguyễn Văn Cừ,21.0491,105.8831,39.11144896885522,11.06655730524928,14.935555555555554,57.43,24,1331.7982444234005,764.0834929168253,33.958534722222225,15.407378363666021,47.59555187289562,18.88670713615431,28.521764520202023,2.8978262850053897,0,0,4,276,10,2025,0,autumn,validation
2025-10-04 00:00:00+00:00,4946811,556 Nguyễn Văn Cừ,21.0491,105.8831,47.97568523027898,9.701939064955244,29.088,63.97166666666667,24,1614.6861837872775,548.9783522050546,45.875642436267434,19.808224274097604,56.44764956108707,19.0449738449412,29.756651064213568,3.6816056470633898,1,0,5,277,10,2025,1,autumn,validation
2025-10-05 00:00:00+00:00,4946811,556 Nguyễn Văn Cừ,21.0491,105.8831,56.91099705387205,24.751816021094587,17.8675,91.33833333333332,24,1014.0584553872054,435.2216492571296,38.30221843434344,17.751007090444574,65.64006712962963,14.995469291860791,27.796170244107742,2.0927894052414944,0,0,6,278,10,2025,1,autumn,validation
2025-10-06 00:00:00+00:00,4946811,556 Nguyễn Văn Cừ,21.0491,105.8831,23.967207702020204,18.226020770127445,5.463333333333334,66.07727272727273,24,906.5906155303031,558.1634611393353,21.600928661616162,7.9218842708824795,52.69772727272727,18.73902154525336,26.77116919191919,1.2525258887709652,0,0,0,279,10,2025,0,autumn,validation
2025-10-07 00:00:00+00:00,4946811,556 Nguyễn Văn Cừ,21.0491,105.8831,13.195527988215488,3.6376545677595318,4.96,22.08818181818182,24,1082.8141151094276,581.6964343300583,26.1432015993266,9.587715836806147,61.53196422558923,17.01159146602752,26.4609617003367,0.5449936417022031,0,0,1,280,10,2025,0,autumn,validation
2025-10-08 00:00:00+00:00,4946811,556 Nguyễn Văn Cừ,21.0491,105.8831,41.13254008838384,18.833456177107042,12.125454545454543,82.32916666666667,24,2035.1869002525252,1691.8034776784416,37.59426188973064,13.526223925074744,54.39099460377585,16.428333743971788,28.05337878787879,1.654660183263233,0,0,2,281,10,2025,0,autumn,validation
2025-10-09 00:00:00+00:00,4946811,556 Nguyễn Văn Cừ,21.0491,105.8831,46.23022942219817,16.861565335859,13.027999999999995,74.2,24,1238.5735106271043,425.3886579965645,41.45876388888889,17.31139112820559,55.95969874338624,19.661250001834752,28.022392376142378,1.2360096378261083,0,0,3,282,10,2025,0,autumn,validation
2025-10-10 00:00:00+00:00,4946811,556 Nguyễn Văn Cừ,21.0491,105.8831,54.92831861772487,18.521919820064422,28.71,86.0788888888889,24,1359.2986392195767,711.9752850699145,50.01077430555555,27.398586805052897,69.9360238095238,26.756787528451355,28.85447751322751,2.5198935894539276,0,0,4,283,10,2025,0,autumn,validation
2025-10-11 00:00:00+00:00,4946811,556 Nguyễn Văn Cừ,21.0491,105.8831,53.24323838083213,14.282003306467457,28.191000000000003,86.27666666666667,24,1734.38606511544,570.7600935582699,47.156034030784035,17.95167655142926,59.5066455477393,18.425683819906467,27.84373596079846,1.1034420403845535,0,0,5,284,10,2025,1,autumn,validation
2025-10-12 00:00:00+00:00,4946811,556 Nguyễn Văn Cừ,21.0491,105.8831,45.731124398749394,10.261098462466503,33.99285714285714,67.317,24,1312.7232583273208,440.7307093938724,44.64994916426166,17.940530525690516,64.91592218314094,26.775045924962996,28.127922333453583,1.878184385369186,0,0,6,285,10,2025,1,autumn,validation
2025-10-13 00:00:00+00:00,4946811,556 Nguyễn Văn Cừ,21.0491,105.8831,30.468243055555558,10.404755495981748,17.477,53.04375,24,1678.1359264520204,1294.827317101742,29.131525402837905,11.403160162993903,56.6942058080808,17.556101111819274,27.85481186868687,1.2720764856082893,0,0,0,286,10,2025,0,autumn,validation
2025-10-14 00:00:00+00:00,4946811,556 Nguyễn Văn Cừ,21.0491,105.8831,30.853554503367004,8.394346033815355,11.345,42.66454545454545,24,1720.2671177549303,827.0811593573388,18.135678811928813,6.2585090086032675,56.10874923340548,14.820900664311035,28.980772095959594,2.7387363224075565,0,0,1,287,10,2025,0,autumn,validation
2025-10-15 00:00:00+00:00,4946811,556 Nguyễn Văn Cừ,21.0491,105.8831,37.843292598605096,17.331399872038237,6.557777777777777,66.60700000000001,24,2203.5264944835258,1187.8921588981823,23.423800505050504,15.046378378697824,54.61332530663781,15.311357446686124,29.312673160173162,2.0372103244801396,0,0,2,288,10,2025,0,autumn,validation
2025-10-16 00:00:00+00:00,4946811,556 Nguyễn Văn Cừ,21.0491,105.8831,32.27523492364117,17.018678902592242,1.26,58.23272727272728,24,1525.568290719697,852.362726510197,35.659124173280425,16.286669237076005,54.47959292328042,16.387973114997394,27.756066393097644,0.9672570810337577,0,0,3,289,10,2025,0,autumn,validation
2025-10-17 00:00:00+00:00,4946811,556 Nguyễn Văn Cừ,21.0491,105.8831,50.204882590788834,17.460490878278698,14.996666666666664,71.78583333333333,24,1606.7523843344154,651.8071181536561,41.18786728896104,24.54658283472786,53.319320226070225,17.72735677853585,28.803189228595482,1.2007370606492656,0,0,4,290,10,2025,0,autumn,validation
2025-10-18 00:00:00+00:00,4946811,556 Nguyễn Văn Cừ,21.0491,105.8831,55.28676277657528,22.149755340519707,17.47875,84.65727272727273,24,1381.6138162878788,627.0861371760665,45.19358863936989,18.818819545660748,52.69227831890331,18.125202579709068,30.076754434223187,3.523977665530257,0,0,5,291,10,2025,1,autumn,validation
2025-10-19 00:00:00+00:00,4946811,556 Nguyễn Văn Cừ,21.0491,105.8831,52.390684553872056,14.35207521230732,26.644545454545455,81.523,24,1089.0128251262627,367.27417036932826,39.30151978114478,14.651507358297051,54.79035422679173,16.40340385815267,28.34940698653199,2.203110280774627,0,0,6,292,10,2025,1,autumn,validation
2025-10-20 00:00:00+00:00,4946811,556 Nguyễn Văn Cừ,21.0491,105.8831,29.389157512626266,9.538103641258932,13.2575,43.396,24,890.6249494949494,370.7026047174918,30.75939551767677,10.2084179833008,49.12136773989899,14.064514989765701,27.517110479797978,0.7693505175556331,4,0,0,293,10,2025,0,autumn,validation
2025-10-21 00:00:00+00:00,4946811,556 Nguyễn Văn Cừ,21.0491,105.8831,21.410986577080326,6.879363953955406,10.436666666666667,33.00909090909091,24,694.7355998977873,307.2062993771609,27.110387971981723,10.19170172842967,54.64707515632515,16.369632418298366,27.413376863876863,0.5007005548865227,0,0,1,294,10,2025,0,autumn,validation
2025-10-22 00:00:00+00:00,4946811,556 Nguyễn Văn Cừ,21.0491,105.8831,17.230181923400675,7.205499677420468,2.15,25.269,24,668.6811703342953,356.680983492392,27.707155693843195,10.930721915115573,59.41208008658009,22.150963192708467,27.481454996392497,0.7835403318690944,2,0,2,295,10,2025,0,autumn,validation
2025-10-23 00:00:00+00:00,4946811,556 Nguyễn Văn Cừ,21.0491,105.8831,11.742151455026457,8.530791812903576,2.1157142857142857,32.395,24,690.6167116101491,293.9805598175742,27.4389699525012,7.48845272322142,52.40176304713805,12.198109737206195,26.946620896464648,0.3419559249701334,3,0,3,296,10,2025,0,autumn,validation
2025-10-24 00:00:00+00:00,4946811,556 Nguyễn Văn Cừ,21.0491,105.8831,27.58766048881674,17.47613370431437,2.08,67.42600000000002,24,919.1222453703704,351.16545089947635,29.94941779401155,5.485356091542337,50.73263529306005,7.848390801528344,28.02340140993266,1.259064587030114,6,0,4,297,10,2025,0,autumn,validation
2025-10-25 00:00:00+00:00,4946811,556 Nguyễn Văn Cừ,21.0491,105.8831,47.90908385942762,16.17180413245015,14.992,72.837,24,1165.6845743897306,396.4898449601841,44.75611121632997,13.675105171327775,50.44598439902586,8.398535008338586,29.82185101010101,2.1665370068627543,1,0,5,298,10,2025,1,autumn,validation
2025-10-26 00:00:00+00:00,4946811,556 Nguyễn Văn Cừ,21.0491,105.8831,37.33583658008658,15.368741217372875,15.082499999999998,73.126,24,812.5074587391774,357.1389094556465,33.118372745310246,15.366277814621473,50.15933350499168,8.948679215148827,28.79680300775613,1.3160508912130386,1,0,6,299,10,2025,1,autumn,validation
2025-10-27 00:00:00+00:00,4946811,556 Nguyễn Văn Cừ,21.0491,105.8831,44.46818486952862,17.708119616063055,22.815454545454543,79.94909090909091,24,1119.7412084385521,433.78223696871777,39.71543634259259,12.56208513289499,49.87268261095749,9.498823421959068,30.008483164983165,1.8664117490566214,0,0,0,300,10,2025,0,autumn,validation
2025-10-28 00:00:00+00:00,4946811,556 Nguyễn Văn Cừ,21.0491,105.8831,35.35067072510822,26.53753192985487,2.79,89.40333333333332,24,1192.546482984608,451.7952741924703,44.02140235690235,14.109261805626591,49.58603171692331,10.04896762876931,31.47182989117364,3.125071293890938,2,0,1,301,10,2025,0,autumn,validation
2025-10-29 00:00:00+00:00,4946811,556 Nguyễn Văn Cừ,21.0491,105.8831,58.98922198172198,21.78652486914563,28.09111111111111,96.985,24,1403.8518029250843,691.073226253122,50.52998256373257,19.30387165957489,49.29938082288912,10.599111835579551,30.743379013347763,3.212401657605935,0,0,2,302,10,2025,0,autumn,validation
2025-10-30 00:00:00+00:00,4946811,556 Nguyễn Văn Cừ,21.0491,105.8831,30.93282142857143,13.28063421002902,5.312857142857142,52.8825,24,1085.6985416666666,370.31692837493875,32.49620089285714,9.661235167401768,49.01272992885494,11.149256042389792,27.6750474537037,0.3068434804290453,0,0,3,303,10,2025,0,autumn,validation
2025-10-31 00:00:00+00:00,4946811,556 Nguyễn Văn Cừ,21.0491,105.8831,13.378003276815777,6.601601485561666,3.575714285714285,24.88222222222222,24,918.1004918981481,418.88580751961797,24.118643623737373,6.517101522671648,48.72607903482075,11.699400249200034,27.422970253126504,0.3060254634561346,0,0,4,304,10,2025,0,autumn,validation
2025-11-01 00:00:00+00:00,4946811,556 Nguyễn Văn Cừ,21.0491,105.8831,10.456856316137566,5.120987385608542,1.7925,19.354,24,870.1776603835979,283.332910241985,22.63966402116402,6.92525317368153,,,27.433607969576723,0.2965450391898947,0,0,5,305,11,2025,1,autumn,validation
2025-11-02 00:00:00+00:00,4946811,556 Nguyễn Văn Cừ,21.0491,105.8831,11.543794672919674,4.834582297121598,2.178,21.542,24,616.3293119438432,187.9109569645473,20.927695346320345,4.786092279472944,,,27.21911727392978,0.15704936305249415,0,0,6,306,11,2025,1,autumn,validation
2025-11-03 00:00:00+00:00,4946811,556 Nguyễn Văn Cừ,21.0491,105.8831,7.795838398869649,4.958300101803828,1.08,16.054000000000002,24,673.8470947570947,301.06950394556804,22.185427263708515,6.908606873823056,,,27.337560290404042,0.20552434360464103,2,0,0,307,11,2025,0,autumn,validation
2025-11-04 00:00:00+00:00,4946811,556 Nguyễn Văn Cừ,21.0491,105.8831,21.00308933080808,10.997903135058165,5.888333333333335,38.82222222222223,24,916.3697223725349,541.9509943154951,25.16183476130351,9.297912145749335,,,28.184831334175087,0.7710948861622331,0,0,1,308,11,2025,0,autumn,validation
2025-11-05 00:00:00+00:00,4946811,556 Nguyễn Văn Cừ,21.0491,105.8831,26.47805853174603,10.823043484556315,7.471428571428571,45.665,24,1116.8144088955025,485.2025033512837,34.099866236772485,10.817824090919878,,,28.97118998015873,0.7590696891496448,0,0,2,309,11,2025,0,autumn,validation
2025-11-06 00:00:00+00:00,4946811,556 Nguyễn Văn Cừ,21.0491,105.8831,52.31018030002406,13.559573898390095,31.130000000000003,74.09,24,1616.395594712001,572.8248984081321,41.50593611712362,13.980585056594109,,,30.517819955507452,1.5387620377925144,0,0,3,310,11,2025,0,autumn,validation
2025-11-07 00:00:00+00:00,4946811,556 Nguyễn Văn Cừ,21.0491,105.8831,37.089572751322756,13.32356935653197,13.657,68.13000000000001,24,1364.4308821097884,594.0672351669555,25.048719742063493,8.16107859533238,,,28.527671626984127,0.6185822872201301,6,0,4,311,11,2025,0,autumn,validation
2025-11-08 00:00:00+00:00,4946811,556 Nguyễn Văn Cừ,21.0491,105.8831,35.34681436387687,7.695035364636334,22.51571428571429,51.16,24,1443.6839929803991,471.8793992149923,29.127166065416066,11.541438417506848,,,30.204439724627225,2.9147016414031026,0,0,5,312,11,2025,1,autumn,validation
2025-11-09 00:00:00+00:00,4946811,556 Nguyễn Văn Cừ,21.0491,105.8831,32.516995144901394,9.58516114356758,19.822222222222223,53.99857142857143,24,1913.2550193151756,666.8796505808531,26.25939883958634,8.91234176400492,,,29.393754960317462,1.1655591554992522,0,0,6,313,11,2025,1,autumn,validation
2025-11-10 00:00:00+00:00,4946811,556 Nguyễn Văn Cừ,21.0491,105.8831,21.20028373015873,8.139889339081774,5.234,37.95222222222223,24,1396.1981952711642,781.8536341922817,22.321418981481482,6.560531936436927,,,29.094538404882154,0.582080390119194,0,0,0,314,11,2025,0,autumn,validation
2025-11-11 00:00:00+00:00,4946811,556 Nguyễn Văn Cừ,21.0491,105.8831,22.984951839826838,10.760322086093089,11.44285714285714,47.43300000000001,24,1162.0478810425686,475.679685852228,28.99611789021164,9.558422288419797,,,29.831493356180857,0.7789740260971035,0,0,1,315,11,2025,0,autumn,validation
2025-11-12 00:00:00+00:00,4946811,556 Nguyễn Văn Cừ,21.0491,105.8831,41.937251623376625,28.01290951289137,14.038,98.77166666666666,24,1390.00931262025,1038.3866921829738,40.078207221019724,19.837087080655355,,,30.046827471139974,0.975996982226183,0,0,2,316,11,2025,0,autumn,validation
2025-11-13 00:00:00+00:00,4946811,556 Nguyễn Văn Cừ,21.0491,105.8831,64.24180487914863,34.749804924624044,19.713,124.839,24,1476.1098773448775,851.5499988898716,49.38927519240019,23.155742110170905,,,31.3619546506734,2.1059212168932655,0,0,3,317,11,2025,0,autumn,validation
2025-11-14 00:00:00+00:00,4946811,556 Nguyễn Văn Cừ,21.0491,105.8831,68.86025037578162,37.66219970553902,23.12833333333333,131.3455555555555,24,1815.754899440837,1518.287632405102,46.90770720598846,18.776330304363675,,,33.42067071007696,2.1796843000925885,0,0,4,318,11,2025,0,autumn,validation
2025-11-15 00:00:00+00:00,4946811,556 Nguyễn Văn Cừ,21.0491,105.8831,77.87074624218374,37.87814010620762,31.451,133.00100000000003,24,1964.5934198382638,1635.419620452296,60.57558692580568,25.407663721037892,,,33.514808561808564,3.539687067849426,0,0,5,319,11,2025,1,autumn,validation
2025-11-16 00:00:00+00:00,4946811,556 Nguyễn Văn Cừ,21.0491,105.8831,83.66176681998557,24.527487620248007,51.17818181818181,133.225,24,1368.8606146284271,576.8870139981409,22.61906933526999,25.216939676950407,,,31.54785025853776,1.1009935324675229,0,0,6,320,11,2025,1,autumn,validation
2025-11-17 00:00:00+00:00,4946811,556 Nguyễn Văn Cừ,21.0491,105.8831,71.30300536616161,20.09782027454981,34.415,99.357,24,1334.6472511574073,696.0852562905661,1.4988980263157894,0.23606293637961132,,,30.393562605218857,2.275477065001432,0,0,0,321,11,2025,0,autumn,validation
2025-11-18 00:00:00+00:00,4946811,556 Nguyễn Văn Cừ,21.0491,105.8831,27.587010330578515,15.635590205546146,2.145,63.67,22,793.1603182870371,367.0112373678744,1.4910795454545456,0.26717577187746117,,,28.104482007575758,0.36266729151570004,13,0,1,322,11,2025,0,autumn,validation
2025-11-19 00:00:00+00:00,4946811,556 Nguyễn Văn Cừ,21.0491,105.8831,25.69437878787879,12.586532032945863,5.723636363636364,41.95727272727272,24,941.4531186868686,404.0302000149469,1.6862142857142857,0.2455663660521415,,,28.915015993265996,0.6075249518294242,0,0,2,323,11,2025,0,autumn,validation
2025-11-20 00:00:00+00:00,4946811,556 Nguyễn Văn Cừ,21.0491,105.8831,47.424557028619525,22.892896013509205,13.65111111111111,100.3711111111111,24,1270.7926588804714,791.3921720161566,1.7268038095238094,0.14929927127844933,42.993061154137045,22.70228438540486,30.793838594276096,0.6864929701259288,0,0,3,324,11,2025,0,autumn,validation
2025-11-21 00:00:00+00:00,4946811,556 Nguyễn Văn Cừ,21.0491,105.8831,60.36775294612795,24.335399647211915,22.22666666666667,96.35500000000002,24,1369.160375105219,812.7063370001324,1.9648333333333334,0.6924587547169341,42.70641026010286,23.252428592215104,32.2050676557239,1.1205815340214234,0,0,4,325,11,2025,0,autumn,validation
2025-11-22 00:00:00+00:00,4946811,556 Nguyễn Văn Cừ,21.0491,105.8831,70.82633737674362,26.58485188811057,27.298571428571424,104.92125,24,1611.588687545094,1018.8618216759693,1.3992499999999999,0.15897116202991934,42.419759366068675,23.80257279902534,33.67702352392977,2.4306768458979655,1,0,5,326,11,2025,1,autumn,validation
2025-11-23 00:00:00+00:00,4946811,556 Nguyễn Văn Cừ,21.0491,105.8831,90.69091877104377,27.445285675809465,41.83272727272727,136.7763636363636,24,1689.1294444444445,1050.1763968645134,1.670982905982906,0.25357758466642233,42.133108472034486,24.352717005835586,32.511417929292925,2.428649392808244,0,0,6,327,11,2025,1,autumn,validation
2025-11-24 00:00:00+00:00,4946811,556 Nguyễn Văn Cừ,21.0491,105.8831,60.428168996512746,38.10154526161976,3.09,112.912,24,1299.2529859607982,809.2342915534814,1.7750980392156863,0.3219146182194655,41.8464575780003,24.902861212645824,32.875486952861955,1.840949735518869,2,0,0,328,11,2025,0,autumn,validation
2025-11-25 00:00:00+00:00,4946811,556 Nguyễn Văn Cừ,21.0491,105.8831,27.060672243265994,19.569138903056974,1.88,74.625,24,1285.2491444203945,676.256530704426,1.7111666666666665,0.37283010116408716,41.559806683966116,25.45300541945607,33.057317550505054,1.9578320014574269,5,0,1,329,11,2025,0,autumn,validation
2025-11-26 00:00:00+00:00,4946811,556 Nguyễn Văn Cừ,21.0491,105.8831,43.04125153318903,36.10554184639865,2.8266666666666667,122.75,24,1285.2491444203945,676.256530704426,1.49325,0.2632186013906607,41.273155789931934,26.003149626266307,33.58283312289562,2.6680501254953293,1,0,2,330,11,2025,0,autumn,validation
2025-11-27 00:00:00+00:00,4946811,556 Nguyễn Văn Cừ,21.0491,105.8831,50.74209517797018,39.58288982819192,4.945,125.85666666666668,24,1285.2491444203945,676.256530704426,2.1279411764705882,0.3847894643040559,40.986504895897745,26.55329383307655,31.50258352758353,1.2705049815766507,4,0,3,331,11,2025,0,autumn,validation
2025-11-28 00:00:00+00:00,4946811,556 Nguyễn Văn Cừ,21.0491,105.8831,78.6571323051948,51.225556221098074,5.046666666666667,156.7281818181818,24,1285.2491444203945,676.256530704426,1.391111111111111,0.3181034715705089,69.77254961820587,75.02211239082686,31.849466376845797,1.1745821968837782,0,0,4,332,11,2025,0,autumn,validation
2025-11-29 00:00:00+00:00,4946811,556 Nguyễn Văn Cừ,21.0491,105.8831,109.62470364357864,26.781345101735585,63.91,163.1388888888889,24,1285.2491444203945,676.256530704426,2.0462025316455694,0.01881355063644487,95.3443976521164,89.62125115202363,32.19634922610806,1.0786594121909059,1,0,5,333,11,2025,1,autumn,validation
2025-11-30 00:00:00+00:00,4946811,556 Nguyễn Văn Cừ,21.0491,105.8831,136.80983870967742,4.623044507170717,130.38967741935483,143.23,7,1285.2491444203945,676.256530704426,2.0045569620253163,0.00841367562424493,43.36338709677419,13.655199393080775,32.543232075370334,0.9827366274980334,23,0,6,334,11,2025,1,autumn,validation
2025-12-01 00:00:00+00:00,4946811,556 Nguyễn Văn Cừ,21.0491,105.8831,88.77841861896275,21.27480322502291,63.551,130.68428571428572,17,1285.2491444203945,676.256530704426,1.7763250117205813,0.07745073929389377,99.67517284186403,59.8979649693499,32.8901149246326,0.886813842805161,7,0,0,335,12,2025,0,winter,validation
2025-12-02 00:00:00+00:00,4946811,556 Nguyễn Văn Cừ,21.0491,105.8831,72.67234785353536,22.691402905920935,40.74272727272727,123.1488888888889,24,1285.2491444203945,676.256530704426,1.5480930614158463,0.14648780296354263,72.46722937710437,64.54882098869939,33.23699777389486,0.7908910581122885,0,0,1,336,12,2025,0,winter,validation
2025-12-03 00:00:00+00:00,4946811,556 Nguyễn Văn Cừ,21.0491,105.8831,58.69763983585859,13.810110584294062,33.32000000000001,85.57333333333334,24,,,1.3198611111111112,0.21552486663319148,63.85957828282829,29.001329338066355,33.583880623157135,0.6949682734194161,0,0,2,337,12,2025,0,winter,validation
2025-12-04 00:00:00+00:00,4946811,556 Nguyễn Văn Cừ,21.0491,105.8831,95.12039808802308,17.12015382704816,63.67249999999999,124.63,24,,,1.4861041666666668,0.11666687127958252,60.372146915584416,37.59183750311859,33.9307634724194,0.5990454887265436,0,0,3,338,12,2025,0,winter,validation
2025-12-05 00:00:00+00:00,4946811,556 Nguyễn Văn Cừ,21.0491,105.8831,77.85162668350169,16.900250585535012,45.767272727272726,99.5690909090909,24,,,1.735532258064516,0.7380052317589351,63.9209301948052,31.5694542330447,34.27764632168167,0.5031227040336712,0,0,4,339,12,2025,0,winter,validation
2025-12-06 00:00:00+00:00,4946811,556 Nguyễn Văn Cừ,21.0491,105.8831,78.90155018939394,15.965105602568528,48.18625,98.86272727272728,24,,,1.4775,0.022499999999999964,63.43411458333333,24.9539626122115,34.62452917094394,0.4071999193407988,0,0,5,340,12,2025,1,winter,validation
2025-12-07 00:00:00+00:00,4946811,556 Nguyễn Văn Cừ,21.0491,105.8831,99.1515888498076,22.406392121066556,68.7188888888889,147.09249999999997,24,,,1.2477777777777779,0.09751385498532504,66.77088289141415,55.987395731095276,34.9714120202062,0.3112771346479264,0,0,6,341,12,2025,1,winter,validation
2025-12-08 00:00:00+00:00,4946811,556 Nguyễn Văn Cừ,21.0491,105.8831,88.47622327441077,39.14969602362682,30.86777777777778,146.61,24,,,1.4622499999999998,0.44683116733869765,68.35021801346802,63.702406862825576,35.318294869468474,0.21535434995505387,0,0,0,342,12,2025,0,winter,validation
2025-12-09 00:00:00+00:00,4946811,556 Nguyễn Văn Cừ,21.0491,105.8831,90.30443317099567,23.040287005386205,53.71600000000001,129.23142857142858,24,,,1.365390350877193,0.15900820367800858,74.24148788480038,53.77449460732155,35.66517771873074,0.11943156526218163,0,0,1,343,12,2025,0,winter,validation
2025-12-10 00:00:00+00:00,4946811,556 Nguyễn Văn Cừ,21.0491,105.8831,124.25672103386809,12.675550003993477,105.90833333333332,147.6090909090909,17,,,1.331025641025641,0.1721053734658367,82.82690196078431,55.41182849630371,35.59251088786273,0.11742032922021454,13,0,2,344,12,2025,0,winter,validation
2025-12-11 00:00:00+00:00,4946811,556 Nguyễn Văn Cừ,21.0491,105.8831,124.03230392156863,12.523198116111562,105.90833333333332,146.7175,17,,,1.331025641025641,0.1721053734658367,80.875931372549,50.91304641362835,35.51984405699472,0.11540909317824745,13,0,3,345,12,2025,0,winter,validation
2025-12-12 00:00:00+00:00,4946811,556 Nguyễn Văn Cừ,21.0491,105.8831,124.03230392156863,12.523198116111555,105.90833333333332,146.71749999999997,17,,,1.331025641025641,0.1721053734658367,80.875931372549,50.91304641362835,35.44717722612671,0.11339785713628037,13,0,4,346,12,2025,0,winter,validation
2025-12-13 00:00:00+00:00,4946811,556 Nguyễn Văn Cừ,21.0491,105.8831,124.03230392156863,12.523198116111562,105.90833333333332,146.7175,17,,,1.331025641025641,0.1721053734658367,80.87593137254902,50.913046413628365,35.3745103952587,0.11138662109431327,13,0,5,347,12,2025,1,winter,validation
2025-12-14 00:00:00+00:00,4946811,556 Nguyễn Văn Cừ,21.0491,105.8831,132.59071698113206,7.842910680293692,124.43490566037737,146.7175,10,,,1.1416666666666666,0.03299831645537224,124.91524999999999,59.6099017973664,35.301843564390694,0.10937538505234619,20,0,6,348,12,2025,1,winter,validation
2025-12-15 00:00:00+00:00,4946811,556 Nguyễn Văn Cừ,21.0491,105.8831,114.13432637251047,11.444796694396803,96.33245283018869,131.56303571428572,0,,,1.3414583333333332,0.1414560952544519,87.75124057539682,49.07347154274466,35.229176733522685,0.10736414901037909,24,1,0,349,12,2025,0,winter,validation
2025-12-16 00:00:00+00:00,4946811,556 Nguyễn Văn Cừ,21.0491,105.8831,95.67793576388888,15.046682708499915,68.23,116.40857142857142,16,,,1.54125,0.24991387405353155,50.587231150793656,38.53704128812293,35.156509902654676,0.10535291296841201,8,0,1,350,12,2025,0,winter,validation
2025-12-17 00:00:00+00:00,4946811,556 Nguyễn Văn Cừ,21.0491,105.8831,78.06680997474747,27.62697606752176,31.381818181818183,123.18,24,,,1.6967763157894737,0.2642148019417099,48.06788068181819,29.9040875596213,,,0,0,2,351,12,2025,0,winter,validation
2025-12-18 00:00:00+00:00,4946811,556 Nguyễn Văn Cừ,21.0491,105.8831,78.27985164141414,28.829801587874286,41.77833333333334,138.46916666666667,24,,,2.6354166666666665,1.0804666602601616,68.06386160714285,60.17620073235924,,,0,0,3,352,12,2025,0,winter,validation
2025-12-19 00:00:00+00:00,4946811,556 Nguyễn Văn Cừ,21.0491,105.8831,80.87724431818182,33.93021545544182,33.38727272727273,141.16833333333332,24,,,1.5228095238095238,0.3862971448599953,63.21298863636363,43.619536136888314,,,0,0,4,353,12,2025,0,winter,validation
2025-12-20 00:00:00+00:00,4946811,556 Nguyễn Văn Cừ,21.0491,105.8831,59.61236553030303,13.227433572999015,37.13416666666667,82.58916666666669,24,,,1.4808333333333332,0.30596272388282386,54.98934090909091,47.284301136398746,,,0,0,5,354,12,2025,1,winter,validation
2025-12-21 00:00:00+00:00,4946811,556 Nguyễn Văn Cừ,21.0491,105.8831,71.66364078282828,16.95813210063848,48.10818181818181,104.57416666666668,24,,,1.3470681818181818,0.1484687273868424,71.47146401515151,66.03189380284982,,,0,0,6,355,12,2025,1,winter,validation
2025-12-22 00:00:00+00:00,4946811,556 Nguyễn Văn Cừ,21.0491,105.8831,58.373557449494946,30.58764790278581,38.34166666666667,128.4175,24,,,1.4153681818181818,0.22100284201022963,65.62680029461279,27.38628173066838,,,0,0,0,356,12,2025,0,winter,validation
2025-12-23 00:00:00+00:00,4946811,556 Nguyễn Văn Cừ,21.0491,105.8831,37.46965425084175,8.030274733346852,25.69,55.86416666666668,24,,,1.9433388429752065,0.22022130526077355,56.722451433982684,20.761605388874163,,,0,0,1,357,12,2025,0,winter,validation
2025-12-24 00:00:00+00:00,4946811,556 Nguyễn Văn Cừ,21.0491,105.8831,32.47611837121212,14.309338048326945,8.0725,50.52199999999999,24,,,1.3314285714285714,0.14504514896436635,43.75534722222222,19.28652293156166,,,0,0,2,358,12,2025,0,winter,validation
2025-12-25 00:00:00+00:00,4946811,556 Nguyễn Văn Cừ,21.0491,105.8831,27.277777777777775,11.139275334395833,9.148333333333332,47.61666666666667,24,,,1.706190476190476,0.5514354356427773,56.79377840909091,25.552448116349776,,,0,0,3,359,12,2025,0,winter,validation
2025-12-26 00:00:00+00:00,4946811,556 Nguyễn Văn Cừ,21.0491,105.8831,43.708467382154886,12.76485678209907,16.52,72.2909090909091,24,,,1.602037037037037,0.16675564073886093,75.64587457912458,52.32069354792468,,,0,0,4,360,12,2025,0,winter,validation
2025-12-27 00:00:00+00:00,4946811,556 Nguyễn Văn Cừ,21.0491,105.8831,69.53270012626263,15.234545746233547,37.92916666666667,100.61090909090908,24,,,1.4529411764705882,0.3545417275883153,63.13273106060606,40.949178465541664,,,0,0,5,361,12,2025,1,winter,validation
2025-12-28 00:00:00+00:00,4946811,556 Nguyễn Văn Cừ,21.0491,105.8831,108.25031628787879,22.006102244422145,58.82916666666667,136.44636363636363,24,,,1.2773162393162394,0.059012319894891196,42.25950536616162,32.168926749942784,,,0,0,6,362,12,2025,1,winter,validation
2025-12-29 00:00:00+00:00,4946811,556 Nguyễn Văn Cừ,21.0491,105.8831,82.82217171717171,12.062058989971304,64.88166666666667,110.85583333333332,24,,,2.2704385964912284,1.3531809907989578,29.06287735990861,6.25800944857702,,,0,0,0,363,12,2025,0,winter,validation
2025-12-30 00:00:00+00:00,4946811,556 Nguyễn Văn Cừ,21.0491,105.8831,66.55372222222222,13.26906715310085,39.38363636363636,86.2675,24,,,1.8258690476190476,0.5297323541784964,53.4235413510101,25.591131845726785,,,0,0,1,364,12,2025,0,winter,validation
2025-12-31 00:00:00+00:00,4946811,556 Nguyễn Văn Cừ,21.0491,105.8831,65.27605113636363,17.663784627172873,34.96363636363636,97.138,24,,,1.44625,0.21545189032694637,50.29107975589226,26.765919979096843,,,0,0,2,365,12,2025,0,winter,validation
2026-01-01 00:00:00+00:00,4946811,556 Nguyễn Văn Cừ,21.0491,105.8831,45.13333522727273,33.611154977912044,1.6324999999999998,110.87909090909092,24,,,1.6091176470588235,0.14484526218229354,60.51565088383838,21.98441564320335,,,0,0,3,1,1,2026,0,winter,validation
2026-01-02 00:00:00+00:00,4946811,556 Nguyễn Văn Cừ,21.0491,105.8831,25.310874368686868,7.60797803693241,8.051666666666668,35.869166666666665,24,,,1.7672826086956521,0.39128110652911885,41.154065656565656,12.5804282629729,,,0,0,4,2,1,2026,0,winter,validation
2026-01-03 00:00:00+00:00,4946811,556 Nguyễn Văn Cừ,21.0491,105.8831,70.2618125,17.446546057204078,36.76166666666666,94.69454545454543,24,,,1.6697826086956522,0.3748174004895832,30.692333243145743,10.602874362434475,,,0,0,5,3,1,2026,1,winter,validation
2026-01-04 00:00:00+00:00,4946811,556 Nguyễn Văn Cừ,21.0491,105.8831,72.20358775252525,10.574548069887465,59.06454545454546,96.18727272727271,24,,,1.4791447368421051,0.15805119072791987,35.01450883838384,11.173556874638642,,,0,0,6,4,1,2026,1,winter,validation
2026-01-05 00:00:00+00:00,4946811,556 Nguyễn Văn Cừ,21.0491,105.8831,25.592980744949497,17.03274153152751,2.69125,61.861,24,,,1.6586979166666664,0.31012687602754047,39.20666214225589,16.519142934320982,,,0,0,0,5,1,2026,0,winter,validation
2026-01-06 00:00:00+00:00,4946811,556 Nguyễn Văn Cừ,21.0491,105.8831,38.75627728174603,17.4799531319521,15.175555555555556,68.62,24,,,1.32,0.0,32.68180009920635,12.368970543859607,,,0,0,1,6,1,2026,0,winter,validation
2026-01-07 00:00:00+00:00,4946811,556 Nguyễn Văn Cừ,21.0491,105.8831,80.16114650974026,18.551777985020024,51.62625,109.12999999999998,24,,,1.9048515886287625,0.4888684268884143,60.68170412457912,57.76208558930119,,,0,0,2,7,1,2026,0,winter,validation
2026-01-08 00:00:00+00:00,4946811,556 Nguyễn Văn Cừ,21.0491,105.8831,92.18520337301588,22.789604463411884,52.06999999999999,130.3725,24,,,2.2266378458498024,0.13268932241808457,61.152715488215485,64.15682103550232,,,0,0,3,8,1,2026,0,winter,validation
2026-01-09 00:00:00+00:00,4946811,556 Nguyễn Văn Cừ,21.0491,105.8831,102.48504838564213,13.277507059452631,82.45333333333333,128.4077777777778,24,,,1.6753535353535354,0.4870093007315996,69.20335052910053,64.30805652464284,,,3,0,4,9,1,2026,0,winter,validation
2026-01-10 00:00:00+00:00,4946811,556 Nguyễn Văn Cừ,21.0491,105.8831,114.73318838684463,27.220859614002045,71.81099999999999,157.1522222222222,24,,,1.3430042016806722,0.14119091312680088,94.98464781746031,81.06561285602295,,,0,0,5,10,1,2026,1,winter,test
2026-01-11 00:00:00+00:00,4946811,556 Nguyễn Văn Cừ,21.0491,105.8831,91.44733501683503,48.192619602413004,2.54,174.27636363636364,24,,,1.711111111111111,0.01520173744070991,99.46066800444925,90.08130214178294,,,1,0,6,11,1,2026,1,winter,test
2026-01-12 00:00:00+00:00,4946811,556 Nguyễn Văn Cừ,21.0491,105.8831,79.16162938161375,41.08967348973712,5.734,158.0,24,,,1.6503641025641023,0.34988790315353197,66.32959033790284,50.29722869894703,,,4,0,0,12,1,2026,0,winter,test
2026-01-13 00:00:00+00:00,4946811,556 Nguyễn Văn Cừ,21.0491,105.8831,104.40494754088503,40.961397645502394,3.33,156.79,24,,,1.5775000000000001,0.27989447797950345,76.70871225649351,63.98357433905784,,,1,0,1,13,1,2026,0,winter,test
2026-01-14 00:00:00+00:00,4946811,556 Nguyễn Văn Cừ,21.0491,105.8831,87.59355738936989,27.73585679778872,44.8425,147.4611111111111,24,,,1.420013440860215,0.20656407460091375,79.60883560305436,52.64577199709799,,,5,0,2,14,1,2026,0,winter,test
2026-01-15 00:00:00+00:00,4946811,556 Nguyễn Văn Cừ,21.0491,105.8831,137.25560747354498,49.923612588352626,76.57333333333332,249.20375,24,,,1.26252688172043,0.13323367122232402,32.54882506613757,8.293118922254047,,,0,0,3,15,1,2026,0,winter,test
2026-01-16 00:00:00+00:00,4946811,556 Nguyễn Văn Cừ,21.0491,105.8831,68.64794074675325,27.952286011635984,38.418,138.21800000000002,24,,,1.6,0.19595917942265398,42.83485708273209,16.470849084618884,32.90383814574639,0.043004595667432255,0,0,4,16,1,2026,0,winter,test
2026-01-17 00:00:00+00:00,4946811,556 Nguyễn Văn Cừ,21.0491,105.8831,52.72101597823473,7.934512415408559,42.89875000000001,78.36714285714287,24,,,1.7776363636363637,0.6247337113840379,27.965839015151516,2.013794092304582,32.83117131487838,0.04099335962546517,0,0,5,17,1,2026,1,winter,test
2026-01-18 00:00:00+00:00,4946811,556 Nguyễn Văn Cừ,21.0491,105.8831,65.43440757275133,13.828739602959374,46.31777777777778,92.62875,24,,,1.401,0.07846018098373225,45.6339375,19.60021831350704,32.75850448401037,0.03898212358349808,0,0,6,18,1,2026,1,winter,test
2026-01-19 00:00:00+00:00,4946811,556 Nguyễn Văn Cừ,21.0491,105.8831,54.080041696729204,16.056674225092202,37.15285714285714,90.4,24,,,1.32,0.0,58.008727753727754,19.547402908672414,32.685837653142364,0.036970887541530995,0,0,0,19,1,2026,0,winter,test
2026-01-20 00:00:00+00:00,4946811,556 Nguyễn Văn Cừ,21.0491,105.8831,47.51086823593073,9.15255071454991,32.89333333333333,62.12333333333332,24,,,1.2307954545454545,0.05717919400684759,41.365550174362674,12.961211121559154,32.613170822274355,0.0349596514995639,0,0,1,20,1,2026,0,winter,test
2026-01-21 00:00:00+00:00,4946811,556 Nguyễn Văn Cừ,21.0491,105.8831,18.201900793650793,18.38871103917511,2.4344444444444444,53.90285714285714,24,,,1.4812978468899523,0.08408692661930293,30.51979755892256,7.2871849558230055,32.54050399140635,0.032948415457596816,2,0,2,21,1,2026,0,winter,test
2026-01-22 00:00:00+00:00,4946811,556 Nguyễn Văn Cừ,21.0491,105.8831,18.57936804052429,7.2422719403194655,6.491249999999999,29.59,24,,,1.6488876287954772,0.10965087446264854,39.00753431637806,17.140247165874012,32.46783716053834,0.03093717941562972,0,0,3,22,1,2026,0,winter,test
2026-01-23 00:00:00+00:00,4946811,556 Nguyễn Văn Cừ,21.0491,105.8831,38.148685786435784,16.13681444231915,16.935,63.55333333333334,24,,,2.298928934651477,0.11894695742560475,39.28770699555074,15.06534935997743,32.39517032967033,0.02892594337366263,5,0,4,23,1,2026,0,winter,test
2026-01-24 00:00:00+00:00,4946811,556 Nguyễn Văn Cừ,21.0491,105.8831,57.98560499338624,18.724277464957307,22.35111111111111,87.18599999999999,24,,,2.948970240507477,0.12824304038856096,26.442529055435305,3.6760879512494693,32.714771110468476,0.028164734337513615,0,0,5,24,1,2026,1,winter,test
2026-01-25 00:00:00+00:00,4946811,556 Nguyễn Văn Cừ,21.0491,105.8831,102.92375462962963,29.579025977728474,50.35285714285715,153.14999999999998,24,,,3.599011546363477,0.1375391233515172,27.2815278980279,3.819912169124861,33.03437189126663,0.027403525301364598,0,0,6,25,1,2026,1,winter,test
2026-01-26 00:00:00+00:00,4946811,556 Nguyễn Văn Cừ,21.0491,105.8831,89.45489963508714,16.749794943698635,56.220000000000006,128.85272727272726,24,,,4.249052852219476,0.14683520631447342,26.950830751424505,4.183846949222171,33.35397267206478,0.02664231626521558,0,0,0,26,1,2026,0,winter,test
2026-01-27 00:00:00+00:00,4946811,556 Nguyễn Văn Cừ,21.0491,105.8831,101.69387531565657,27.676759375356948,57.48272727272728,148.00363636363636,24,,,4.899094158075476,0.1561312892774296,36.30618093133718,20.458917168284355,33.673573452862925,0.025881107229066565,0,0,1,27,1,2026,0,winter,test
2026-01-28 00:00:00+00:00,4946811,556 Nguyễn Văn Cừ,21.0491,105.8831,64.11120056216932,4.849820420799595,54.063750000000006,72.96875,18,,,5.549135463931476,0.16542737224038584,87.05473021384479,48.25817429929519,33.99317423366107,0.025119898192917548,12,0,2,28,1,2026,0,winter,test
2026-01-29 00:00:00+00:00,4946811,556 Nguyễn Văn Cừ,21.0491,105.8831,52.552266285302,15.471212604571313,35.62181818181818,90.935,21,,,6.199176769787476,0.17472345520334204,61.93425764447193,22.952124955505052,34.31277501445923,0.02435868915676853,3,0,3,29,1,2026,0,winter,test
2026-01-30 00:00:00+00:00,4946811,556 Nguyễn Văn Cừ,21.0491,105.8831,56.32402595899472,17.443063535626166,29.74571428571429,83.24428571428572,24,,,,,34.95688788179413,14.409286785746874,34.632375795257374,0.023597480120619515,0,0,4,30,1,2026,0,winter,test
2026-01-31 00:00:00+00:00,4946811,556 Nguyễn Văn Cừ,21.0491,105.8831,47.507288299663294,28.579055122508503,14.257,104.33555555555556,24,,,,,31.986820827320827,9.923039075081489,,,0,0,5,31,1,2026,1,winter,test
2026-02-01 00:00:00+00:00,4946811,556 Nguyễn Văn Cừ,21.0491,105.8831,53.02899715909091,21.321264658446623,16.442999999999998,96.55727272727272,24,,,,,49.78241445707071,20.403791094541695,,,0,0,6,32,2,2026,1,winter,test
2026-02-02 00:00:00+00:00,4946811,556 Nguyễn Văn Cừ,21.0491,105.8831,60.16339234607985,14.039040055719672,36.16699999999999,81.59909090909092,24,,,,,38.04167308501683,22.104109568477863,,,0,0,0,33,2,2026,0,winter,test
2026-02-03 00:00:00+00:00,4946811,556 Nguyễn Văn Cừ,21.0491,105.8831,100.86766729797979,13.965112354008903,78.69727272727273,128.11636363636364,24,,,,,27.719806908369407,7.759297634170769,,,0,0,1,34,2,2026,0,winter,test
2026-02-04 00:00:00+00:00,4946811,556 Nguyễn Văn Cừ,21.0491,105.8831,74.96725126262626,12.084997155663869,58.97583333333333,114.18727272727271,24,,,,,25.630793109668108,0.6454521927217297,,,0,0,2,35,2,2026,0,winter,test
2026-02-05 00:00:00+00:00,4946811,556 Nguyễn Văn Cừ,21.0491,105.8831,74.37146559343434,25.919513107393286,39.9,133.19,24,,,,,26.254080913299664,0.6202397256831828,,,0,0,3,36,2,2026,0,winter,test
2026-02-06 00:00:00+00:00,4946811,556 Nguyễn Văn Cừ,21.0491,105.8831,79.16501872895623,54.99321305304756,19.854166666666668,177.44400000000002,24,,,,,26.583102347883596,0.47139027357518426,,,0,0,4,37,2,2026,0,winter,test
2026-02-07 00:00:00+00:00,4946811,556 Nguyễn Văn Cừ,21.0491,105.8831,55.078893939393936,16.649649394357965,25.553000000000004,77.99249999999999,24,,,,,26.9583189484127,0.4356789930163939,,,0,0,5,38,2,2026,1,winter,test
2026-02-08 00:00:00+00:00,4946811,556 Nguyễn Văn Cừ,21.0491,105.8831,20.094926308539947,22.434496123368756,1.205,68.84,22,,,,,24.471524876743626,0.5294457130018572,,,13,0,6,39,2,2026,1,winter,test
2026-02-09 00:00:00+00:00,4946811,556 Nguyễn Văn Cừ,21.0491,105.8831,37.549460227272725,19.30356947956542,3.941818181818181,68.80583333333333,24,,,,,24.979289923039925,0.5212193510325656,,,0,0,0,40,2,2026,0,winter,test
2026-02-10 00:00:00+00:00,4946811,556 Nguyễn Văn Cừ,21.0491,105.8831,70.62613362794613,21.17767185124779,34.54272727272727,106.24555555555555,24,,,,,26.631381207912458,0.9023130717124382,,,0,0,1,41,2,2026,0,winter,test
2026-02-11 00:00:00+00:00,4946811,556 Nguyễn Văn Cừ,21.0491,105.8831,33.48217866161616,7.6674877426694135,18.021666666666665,46.56363636363637,24,,,,,26.4709653980279,0.5166983340362217,,,0,0,2,42,2,2026,0,winter,test
2026-02-12 00:00:00+00:00,4946811,556 Nguyễn Văn Cừ,21.0491,105.8831,48.49903367003367,12.844080237953735,27.446666666666676,82.00272727272727,24,,,,,27.15794333213083,0.892768290076268,,,0,0,3,43,2,2026,0,winter,test
2026-02-13 00:00:00+00:00,4946811,556 Nguyễn Văn Cừ,21.0491,105.8831,41.394118265993264,12.062586585127702,30.962,79.43699999999998,24,,,,,28.01003499278499,0.7415943164417442,,,0,0,4,44,2,2026,0,winter,test
2026-02-14 00:00:00+00:00,4946811,556 Nguyễn Văn Cừ,21.0491,105.8831,42.600585437710436,9.647268025180448,27.321111111111108,67.166,24,,,,,28.131098048941798,0.6982420031682709,,,0,0,5,45,2,2026,1,winter,test
2026-02-15 00:00:00+00:00,4946811,556 Nguyễn Văn Cừ,21.0491,105.8831,35.45125063131313,5.984864426802835,20.854166666666668,44.36363636363637,24,,,,,28.31672891113516,0.7276021487988914,,,0,0,6,46,2,2026,1,winter,test
2026-02-16 00:00:00+00:00,4946811,556 Nguyễn Văn Cừ,21.0491,105.8831,57.71910164141414,52.69863630779824,21.1225,196.1775,24,,,,,28.38772876082251,0.5911823673730028,,,0,0,0,47,2,2026,0,winter,test
2026-02-17 00:00:00+00:00,4946811,556 Nguyễn Văn Cừ,21.0491,105.8831,63.04722222222222,13.28721011870757,42.91,90.07833333333332,24,,,,,27.931331649831648,0.9826791410252617,,,0,0,1,48,2,2026,0,winter,test
2026-02-18 00:00:00+00:00,4946811,556 Nguyễn Văn Cừ,21.0491,105.8831,38.67569643550893,5.835552340879925,28.351666666666663,46.1925,24,,,,,26.65412035765161,0.33052354060819306,,,0,0,2,49,2,2026,0,winter,test
2026-02-19 00:00:00+00:00,4946811,556 Nguyễn Văn Cừ,21.0491,105.8831,40.86816909479409,10.666834626356527,16.3175,53.17454545454546,24,,,,,26.75220495072058,0.6584092879579351,,,0,0,3,50,2,2026,0,winter,test
2026-02-20 00:00:00+00:00,4946811,556 Nguyễn Văn Cừ,21.0491,105.8831,34.35022159090909,11.575677011868637,15.724166666666664,49.23272727272727,24,,,,,27.459423581048583,0.813132983528297,,,0,0,4,51,2,2026,0,winter,test
2026-02-21 00:00:00+00:00,4946811,556 Nguyễn Văn Cừ,21.0491,105.8831,35.47928198653199,8.275279296369854,24.13222222222222,54.41083333333332,24,,,,,28.172553481240982,0.7395145782645279,,,0,0,5,52,2,2026,1,winter,test
2026-02-22 00:00:00+00:00,4946811,556 Nguyễn Văn Cừ,21.0491,105.8831,25.757367424242428,2.6520478246472603,19.2,29.889166666666668,24,,,,,29.030591856060607,0.6052029125589117,,,0,0,6,53,2,2026,1,winter,test
2026-02-23 00:00:00+00:00,4946811,556 Nguyễn Văn Cừ,21.0491,105.8831,29.34942676767677,6.778900753839387,15.482499999999996,38.76666666666667,24,,,,,29.38047232744108,0.8225501169472788,42.30279453441295,0.005328463253043116,0,0,0,54,2,2026,0,winter,test
2026-02-24 00:00:00+00:00,4946811,556 Nguyễn Văn Cừ,21.0491,105.8831,26.837525252525253,3.4504605339560275,20.46666666666667,32.460909090909084,24,,,,,29.99106407828283,0.6514054936317125,42.62239531521111,0.0045672542168941,0,0,1,55,2,2026,0,winter,test
2026-02-25 00:00:00+00:00,4946811,556 Nguyễn Văn Cừ,21.0491,105.8831,32.958477806915305,8.134185550540073,13.496363636363638,45.54249999999999,24,,,,,31.257175324675327,1.3271859705449913,42.941996096009255,0.003806045180745083,0,0,2,56,2,2026,0,winter,test
2026-02-26 00:00:00+00:00,4946811,556 Nguyễn Văn Cừ,21.0491,105.8831,32.89348611111111,4.946422973281274,23.30363636363636,42.87416666666667,24,,,24.400333333755473,0.43501377816611614,32.256398523929775,0.8725602616715304,43.2615968768074,0.0030448361445960664,0,0,3,57,2,2026,0,winter,test
2026-02-27 00:00:00+00:00,4946811,556 Nguyễn Văn Cừ,21.0491,105.8831,38.69936868686869,11.713879585834265,18.02,59.540000000000006,24,,,25.050374639611473,0.44430986112907234,33.27299096158471,1.1615006318467822,43.58119765760555,0.00228362710844705,0,0,4,58,2,2026,0,winter,test
2026-02-28 00:00:00+00:00,4946811,556 Nguyễn Văn Cừ,21.0491,105.8831,26.893435786435788,7.560496287461436,15.800909090909094,39.970000000000006,24,,,25.700415945467473,0.45360594409202853,34.491774576118324,1.8375087014823905,43.9007984384037,0.0015224180722980332,0,0,5,59,2,2026,1,winter,test
2026-03-01 00:00:00+00:00,4946811,556 Nguyễn Văn Cừ,21.0491,105.8831,26.75075958994709,7.780458088844103,16.82,42.07,24,,,26.350457251323473,0.4629020270549848,33.542245295214045,1.7543044023669865,44.22039921920185,0.0007612090361490166,0,0,6,60,3,2026,1,spring,test
2026-03-02 00:00:00+00:00,4946811,556 Nguyễn Văn Cừ,21.0491,105.8831,32.65985954785955,14.524522948047833,14.211000000000002,67.69555555555556,24,,,27.000498557179473,0.472198110017941,32.59220032840722,0.7442027631751381,44.54,0.0,0,0,0,61,3,2026,0,spring,test
2026-03-03 00:00:00+00:00,4946811,556 Nguyễn Văn Cừ,21.0491,105.8831,18.15604619107744,9.353254439842065,2.0766666666666667,29.744545454545456,24,,,27.650539863035473,0.4814941929808972,26.088795580719225,2.3962246712816158,43.63166666666667,0.6540747556726464,0,0,1,62,3,2026,0,spring,test
2026-03-04 00:00:00+00:00,4946811,556 Nguyễn Văn Cừ,21.0491,105.8831,30.746186342592594,9.670276864587743,14.99,46.24222222222223,24,,,28.300581168891473,0.49079027594385344,19.585390833031227,4.048246579388094,42.723333333333336,1.308149511345293,0,0,2,63,3,2026,0,spring,test
2026-03-05 00:00:00+00:00,4946811,556 Nguyễn Văn Cừ,21.0491,105.8831,52.10521717171718,16.9775824776484,30.248,84.02454545454545,24,,,28.950622474747473,0.5000863589068096,13.081986085343228,5.700268487494571,10.674011506037823,24.551970477535274,0,0,3,64,3,2026,0,spring,test
2026-03-06 00:00:00+00:00,4946811,556 Nguyễn Văn Cừ,21.0491,105.8831,64.00908904521405,14.453006358017088,45.109,92.49909090909092,24,,,28.896125030062525,0.5480570925993324,20.008673799001922,12.295149948254336,1.5999210708273208,0.3789291187459563,1,0,4,65,3,2026,0,spring,test
2026-03-07 00:00:00+00:00,4946811,556 Nguyễn Văn Cừ,21.0491,105.8831,34.565006207912454,8.667431872783746,24.40333333333333,56.353333333333325,24,,,28.721636363636364,0.5630430931151428,23.621582281144782,8.59026988167327,1.418327892015392,0.6371281220841241,0,0,5,66,3,2026,1,spring,test
2026-03-08 00:00:00+00:00,4946811,556 Nguyễn Văn Cừ,21.0491,105.8831,31.613209415584418,6.935746026756779,8.473333333333333,42.463636363636354,24,,,28.56510364057239,0.6161947631144957,15.368014805796056,4.057488911316101,1.5388179563492062,0.5097361766763944,0,0,6,67,3,2026,1,spring,test
2026-03-09 00:00:00+00:00,4946811,556 Nguyễn Văn Cừ,21.0491,105.8831,23.42325018037518,18.513801132571782,1.856666666666667,51.294,24,,,28.788004253848,0.6503088868601101,19.055394510582012,7.627800800643767,1.811658564814815,1.0046843799922311,4,0,0,68,3,2026,0,spring,test
2026-03-10 00:00:00+00:00,4946811,556 Nguyễn Văn Cừ,21.0491,105.8831,22.121876578282826,9.559905008738262,2.9672727272727277,37.294,24,,,28.864878457190954,0.6878976241504292,34.214554458273206,19.986121499789892,1.7015782076719577,0.8398854172300948,0,0,1,69,3,2026,0,spring,test
2026-03-11 00:00:00+00:00,4946811,556 Nguyễn Văn Cừ,21.0491,105.8831,54.01727904040404,22.557136996584415,30.959166666666665,106.17875,24,,,28.832634499759497,0.6765689318869974,21.815278814935066,16.40178349875248,3.6479079335016835,1.2437187955181361,0,0,2,70,3,2026,0,spring,test
2026-03-12 00:00:00+00:00,4946811,556 Nguyễn Văn Cừ,21.0491,105.8831,65.37105853174603,15.83898765304963,39.53333333333333,95.05625,24,,,28.757413690476188,0.6835069766038498,26.17716121031746,19.196640662848587,2.8178540013227518,1.0156588369655524,0,0,3,71,3,2026,0,spring,test
2026-03-13 00:00:00+00:00,4946811,556 Nguyễn Văn Cừ,21.0491,105.8831,35.16104156144781,30.125243938724473,1.77,104.90857142857143,24,,,28.498196383477634,0.705036186986243,33.01663035113035,19.098634613567302,4.021552534271284,2.2235217297548955,0,0,4,72,3,2026,0,spring,test
2026-03-14 00:00:00+00:00,4946811,556 Nguyễn Văn Cừ,21.0491,105.8831,41.41184974747475,5.7474101795908075,31.352222222222217,54.09363636363637,24,,,28.890139294733046,0.7729534441865306,21.023235329485328,9.068191375566078,5.0196870039682535,3.807708187423532,0,0,5,73,3,2026,1,spring,test
2026-03-15 00:00:00+00:00,4946811,556 Nguyễn Văn Cừ,21.0491,105.8831,34.891791170634924,7.136373531586608,22.7675,47.234,24,,,28.54873414201539,0.6626591165568531,16.026862058080805,6.14310434428096,2.200315401034151,0.9501410955919273,0,0,6,74,3,2026,1,spring,test
2026-03-16 00:00:00+00:00,4946811,556 Nguyễn Văn Cừ,21.0491,105.8831,31.244996843434347,7.875872728581537,17.199166666666667,48.08090909090909,24,,,28.726587331649828,0.6694189946824798,19.146668560606063,7.0658100103465795,1.7714716810966813,1.0386799023384088,0,0,0,75,3,2026,0,spring,test
2026-03-17 00:00:00+00:00,4946811,556 Nguyễn Văn Cừ,21.0491,105.8831,32.53699810606061,5.012095775000477,26.024545454545454,45.97916666666666,24,,,28.73889709595959,0.6819912482003382,20.145094696969696,6.955882894554839,1.7653576839826843,0.6142579781950042,0,0,1,76,3,2026,0,spring,test
2026-03-18 00:00:00+00:00,4946811,556 Nguyễn Văn Cừ,21.0491,105.8831,29.64284595959596,9.827994122316763,11.49090909090909,52.393,24,,,28.470484848484848,0.5603381260158218,16.622432028619528,6.75601715912254,2.131380366161616,1.0794182964567036,0,0,2,77,3,2026,0,spring,test
2026-03-19 00:00:00+00:00,4946811,556 Nguyễn Văn Cừ,21.0491,105.8831,28.193443813131314,6.614127059346993,18.0175,41.85454545454545,24,,,28.632282407407406,0.6141056198087809,22.17410143097643,8.011645373183885,1.6157620250120253,0.2792649520512847,0,0,3,78,3,2026,0,spring,test
2026-03-20 00:00:00+00:00,4946811,556 Nguyễn Văn Cừ,21.0491,105.8831,28.805621212121213,5.587361353059908,19.394545454545455,38.50333333333334,24,,,28.920498737373734,0.516685638513522,15.205253367003367,4.774141528431991,1.9107464826839828,0.5591895751867024,0,0,4,79,3,2026,0,spring,test
2026-03-21 00:00:00+00:00,4946811,556 Nguyễn Văn Cừ,21.0491,105.8831,35.76050505050505,5.1101015529650615,27.30916666666667,48.61833333333334,24,,,28.797320707070707,0.7785111026336856,16.22273653198653,4.385810645931588,2.1420073653198655,0.7223110293851965,0,0,5,80,3,2026,1,spring,test
2026-03-22 00:00:00+00:00,4946811,556 Nguyễn Văn Cừ,21.0491,105.8831,24.19256628787879,6.089651772333514,16.423333333333336,36.95583333333334,24,,,28.627897727272725,0.8037432007397991,20.750833333333333,6.570924148054074,1.8397458062770564,0.783180614154413,0,0,6,81,3,2026,1,spring,test
2026-03-23 00:00:00+00:00,4946811,556 Nguyễn Văn Cừ,21.0491,105.8831,25.63273232323232,4.855299400184743,15.990833333333333,31.67083333333333,24,,,28.72000631313131,0.644811294658818,18.1688327020202,5.697050266373199,2.0445098605098604,1.6471298175074436,0,0,0,82,3,2026,0,spring,test
2026-03-24 00:00:00+00:00,4946811,556 Nguyễn Văn Cừ,21.0491,105.8831,27.658665824915825,4.87602087936727,18.0975,38.23083333333333,24,,,28.56903451178451,0.8500742942225002,21.241266835016834,8.936209007463345,1.9246900402837903,0.4877904407701923,0,0,1,83,3,2026,0,spring,test
2026-03-25 00:00:00+00:00,4946811,556 Nguyễn Văn Cừ,21.0491,105.8831,25.026930604118103,3.298536184583931,19.74,31.24083333333333,24,,,29.811887626262628,1.0555634242358731,25.77331203865579,14.96455418170227,1.93567240976616,0.583831196996805,0,0,2,84,3,2026,0,spring,test
2026-03-26 00:00:00+00:00,4946811,556 Nguyễn Văn Cừ,21.0491,105.8831,31.180607954545454,6.161867095165317,21.820000000000004,43.3725,24,,,29.811887626262628,1.0555634242358731,35.33391603535353,16.41267666143816,1.9434586038961041,0.49239608788218436,0,0,3,85,3,2026,0,spring,test
2026-03-27 00:00:00+00:00,4946811,556 Nguyễn Văn Cừ,21.0491,105.8831,29.033531565656563,7.844028155462939,16.895454545454548,43.62833333333333,24,,,29.811887626262628,1.0555634242358731,32.254484472703226,11.832910070957238,2.1753957281144785,0.5182153670726676,0,0,4,86,3,2026,0,spring,test
2026-03-28 00:00:00+00:00,4946811,556 Nguyễn Văn Cừ,21.0491,105.8831,32.46475441919192,6.945279580557547,21.02,44.104,24,,,29.811887626262628,1.0555634242358731,35.77020980639731,18.399586532070025,2.671164772727273,0.6132570027660016,0,0,5,87,3,2026,1,spring,test
2026-03-29 00:00:00+00:00,4946811,556 Nguyễn Văn Cừ,21.0491,105.8831,30.51815340909091,5.3128483827869495,18.1975,41.59333333333333,24,,,29.811887626262628,1.0555634242358731,47.18304924242424,17.81473241709991,2.4532228535353537,0.5626116206039321,0,0,6,88,3,2026,1,spring,test
2026-03-30 00:00:00+00:00,4946811,556 Nguyễn Văn Cừ,21.0491,105.8831,44.11318918350168,12.603028292584062,20.695,61.04416666666666,24,,,29.811887626262628,1.0555634242358731,53.23046001683502,19.165934406563668,2.554452861952862,0.44434161981703185,0,0,0,89,3,2026,0,spring,test
2026-03-31 00:00:00+00:00,4946811,556 Nguyễn Văn Cừ,21.0491,105.8831,49.21964946338384,22.301249561605662,4.02625,75.1825,24,,,29.811887626262628,1.0555634242358731,43.49977398989899,21.540519817288995,3.425350378787879,0.8264287230305228,1,0,1,90,3,2026,0,spring,test
2026-04-01 00:00:00+00:00,4946811,556 Nguyễn Văn Cừ,21.0491,105.8831,36.561872474747474,14.909241974587962,16.269090909090906,67.26333333333334,24,,,29.811887626262628,1.0555634242358731,25.857108585858587,11.581144731647992,2.569691708754209,0.4337096201152308,0,0,2,91,4,2026,0,spring,test
2026-04-02 00:00:00+00:00,4946811,556 Nguyễn Văn Cừ,21.0491,105.8831,48.063743055555555,10.236619651045693,35.88999999999999,72.30272727272727,24,,,,,36.925131222943726,19.496690648277283,3.295171085858586,0.5770584897464703,0,0,3,92,4,2026,0,spring,test
2026-04-03 00:00:00+00:00,4946811,556 Nguyễn Văn Cừ,21.0491,105.8831,49.81038194444445,7.313266594509514,39.3175,61.74666666666667,24,,,,,50.99233396464646,19.584467181345232,3.96824494949495,0.9050810725825574,0,0,4,93,4,2026,0,spring,test
2026-04-04 00:00:00+00:00,4946811,556 Nguyễn Văn Cừ,21.0491,105.8831,38.61350063131313,15.207461486797508,17.61583333333333,69.2025,24,,,,,30.832086489898987,12.615954083255836,3.284876893939394,0.9809266541168238,0,0,5,94,4,2026,1,spring,test
2026-04-05 00:00:00+00:00,4946811,556 Nguyễn Văn Cừ,21.0491,105.8831,58.59646654040404,9.967162341131338,42.69083333333334,83.6990909090909,24,,,,,44.88893939393939,19.970799549276485,3.1953907828282833,0.4688409934834013,0,0,6,95,4,2026,1,spring,test
2026-04-06 00:00:00+00:00,4946811,556 Nguyễn Văn Cừ,21.0491,105.8831,76.86579229797981,17.374290274566768,55.95333333333334,122.4009090909091,24,,,,,56.25932891414141,23.742417924644947,4.2803251262626265,1.0026159214823416,0,0,0,96,4,2026,0,spring,test
2026-04-07 00:00:00+00:00,4946811,556 Nguyễn Văn Cừ,21.0491,105.8831,66.53560311447812,24.052721108963542,39.66,117.75333333333332,24,,,,,57.33443644781145,25.392701242859914,4.034520622895623,1.58061404052108,0,0,1,97,4,2026,0,spring,test
2026-04-08 00:00:00+00:00,4946811,556 Nguyễn Văn Cừ,21.0491,105.8831,51.12377319023569,19.24589563909618,24.25666666666666,98.36727272727272,24,,,,,55.08734636844637,23.5928875652696,3.218627777777778,0.9069079354125769,1,0,2,98,4,2026,0,spring,test
2026-04-09 00:00:00+00:00,4946811,556 Nguyễn Văn Cừ,21.0491,105.8831,58.840920622895624,35.97306463110865,27.65888888888889,155.38909090909095,24,,,,,49.8432976010101,19.85507372557471,3.0839431397306396,0.7112619210660504,3,0,3,99,4,2026,0,spring,test
2026-04-10 00:00:00+00:00,4946811,556 Nguyễn Văn Cừ,21.0491,105.8831,56.85016414141413,18.80575686364072,30.70583333333333,104.60416666666664,24,,,,,56.79003147546897,23.438401413415633,4.315404040404041,1.0341965514350613,0,0,4,100,4,2026,0,spring,test
2026-04-11 00:00:00+00:00,4946811,556 Nguyễn Văn Cừ,21.0491,105.8831,77.55255808080808,23.412953208162556,51.58416666666667,131.88083333333333,24,,,,,53.770215909090915,24.002512806001803,4.78168308080808,1.6929921872624236,0,0,5,101,4,2026,1,spring,test
2026-04-12 00:00:00+00:00,4946811,556 Nguyễn Văn Cừ,21.0491,105.8831,62.971671717171716,23.948813188194567,28.36916666666667,117.82916666666668,24,,,,,58.7267297979798,24.438620355602502,4.81629356060606,1.7480596779679185,0,0,6,102,4,2026,1,spring,test
2026-04-13 00:00:00+00:00,4946811,556 Nguyễn Văn Cừ,21.0491,105.8831,53.22821906565657,14.028224058198981,38.91818181818182,84.39899999999999,24,,,,,55.509743190836936,23.38813858196103,4.728214015151516,1.0805835337779872,0,0,0,103,4,2026,0,spring,test
2026-04-14 00:00:00+00:00,4946811,556 Nguyễn Văn Cừ,21.0491,105.8831,46.328551136363636,10.799827805274669,32.89333333333333,69.93636363636364,24,,,,,56.98268181818182,24.317859085542207,4.598696338383839,1.0310427375388065,0,0,1,104,4,2026,0,spring,test
2026-04-15 00:00:00+00:00,4946811,556 Nguyễn Văn Cừ,21.0491,105.8831,35.717324494949494,7.453343291818377,24.350000000000005,51.72833333333333,24,,,,,56.145600484006735,23.24242853032966,4.154286616161616,1.149533761020966,0,0,2,105,4,2026,0,spring,test
2026-04-16 00:00:00+00:00,4946811,556 Nguyễn Văn Cừ,21.0491,105.8831,36.72544507575758,7.5348695598002156,21.473333333333333,49.757500000000014,24,,,,,55.684312289562286,22.61891864037353,4.056041666666666,1.006355837281766,0,0,3,106,4,2026,0,spring,test
2026-04-17 00:00:00+00:00,4946811,556 Nguyễn Văn Cừ,21.0491,105.8831,43.94121085858586,17.87548109771387,10.56909090909091,73.0475,24,,,,,39.02086823593074,23.052904821020157,4.624154040404041,0.8073144581640636,0,0,4,107,4,2026,0,spring,test
2026-04-18 00:00:00+00:00,4946811,556 Nguyễn Văn Cừ,21.0491,105.8831,39.44669696969697,8.853128743709817,25.475833333333338,59.08545454545455,24,,,,,36.99300405844156,19.4567140231092,5.15893308080808,1.0385129533368114,0,0,5,108,4,2026,1,spring,test
2026-04-19 00:00:00+00:00,4946811,556 Nguyễn Văn Cừ,21.0491,105.8831,34.399842171717175,9.45314170283705,16.533636363636365,51.63,24,,,,,34.54604001322752,14.866144429873993,5.185536616161617,0.7641107500292807,0,0,6,109,4,2026,1,spring,test
2026-04-20 00:00:00+00:00,4946811,556 Nguyễn Văn Cừ,21.0491,105.8831,32.89888362794613,12.651871999401598,16.30666666666667,55.01666666666666,24,,,,,41.69383246151996,17.56868599519906,4.768215488215488,1.0455231656713673,0,0,0,110,4,2026,0,spring,test
2026-04-21 00:00:00+00:00,4946811,556 Nguyễn Văn Cừ,21.0491,105.8831,27.885555555555555,4.663928897960888,19.791666666666668,38.03833333333333,24,,,,,48.36760248316498,20.220533653067218,4.634747474747475,0.6919437627670104,0,0,1,111,4,2026,0,spring,test
2026-04-22 00:00:00+00:00,4946811,556 Nguyễn Văn Cừ,21.0491,105.8831,38.04490867003367,15.649134286920658,9.998181818181818,74.27199999999999,24,,,,,49.39275652356903,21.627239227493323,5.02101430976431,1.1342986805642736,0,0,2,112,4,2026,0,spring,test
2026-04-23 00:00:00+00:00,4946811,556 Nguyễn Văn Cừ,21.0491,105.8831,21.487429450757574,13.689779095510419,1.18,43.27333333333332,24,,,,,24.641637626262625,17.587627548517787,5.065484217171718,0.780051838221918,1,0,3,113,4,2026,0,spring,test
2026-04-24 00:00:00+00:00,4946811,556 Nguyễn Văn Cừ,21.0491,105.8831,34.58569128787879,11.400510480519255,15.799090909090909,54.74416666666665,24,,,,,21.438049873737373,8.747929807302537,5.8017645202020205,0.589531094215407,0,0,4,114,4,2026,0,spring,test
2026-04-25 00:00:00+00:00,4946811,556 Nguyễn Văn Cừ,21.0491,105.8831,46.88898421717172,15.769826164450468,26.90833333333333,81.48583333333333,24,,,,,26.804023358585862,8.357941308847888,5.6481950757575765,1.2079991756910784,0,0,5,115,4,2026,1,spring,test
2026-04-26 00:00:00+00:00,4946811,556 Nguyễn Văn Cừ,21.0491,105.8831,37.02493623737374,10.130617997277703,18.221818181818183,56.16399999999999,24,,,,,33.1226976010101,19.702443875691696,5.248345328282828,1.1145540476335822,0,0,6,116,4,2026,1,spring,test
2026-04-27 00:00:00+00:00,4946811,556 Nguyễn Văn Cừ,21.0491,105.8831,28.253630050505052,8.139541095876694,10.298333333333332,39.01499999999999,24,,,,,40.66835091991342,18.016234652207146,4.7782638888888895,0.6866194342669079,0,0,0,117,4,2026,0,spring,test
2026-04-28 00:00:00+00:00,4946811,556 Nguyễn Văn Cừ,21.0491,105.8831,28.274929292929297,14.92489120327534,3.42,59.85272727272727,24,,,,,41.417840909090906,20.211326882713646,4.925506944444444,1.115764088576538,2,0,1,118,4,2026,0,spring,test
2026-04-29 00:00:00+00:00,4946811,556 Nguyễn Văn Cừ,21.0491,105.8831,14.615837121212122,6.326504187410095,3.624166666666667,24.2475,24,,,,,34.402712121212126,14.905476095668988,4.742587752525252,0.6977451412150829,5,0,2,119,4,2026,0,spring,test
2026-04-30 00:00:00+00:00,4946811,556 Nguyễn Văn Cừ,21.0491,105.8831,19.54541919191919,7.265637308633853,8.193636363636363,32.79666666666666,24,,,,,47.50457575757576,12.280612725004605,4.65588446969697,0.7880087821437443,0,0,3,120,4,2026,0,spring,test
2026-05-01 00:00:00+00:00,4946811,556 Nguyễn Văn Cừ,21.0491,105.8831,28.378248737373738,6.4029261335520244,18.749090909090903,41.02363636363636,24,,,,,45.64033712121212,9.616282163579838,4.891435606060607,1.0167944631743224,0,0,4,121,5,2026,0,spring,test
2026-05-02 00:00:00+00:00,4946811,556 Nguyễn Văn Cừ,21.0491,105.8831,24.02563952020202,11.917689434430784,2.94,40.54083333333333,24,,,,,33.22929356060606,11.559414280921093,4.876347853535354,0.651771519396338,1,0,5,122,5,2026,1,spring,test
2026-05-03 00:00:00+00:00,4946811,556 Nguyễn Văn Cừ,21.0491,105.8831,20.557057449494952,14.461954367557537,2.85,53.29545454545455,24,,,,,30.106320075757576,9.327481462036149,5.420805555555556,0.512510031679476,0,0,6,123,5,2026,1,spring,test
2026-05-04 00:00:00+00:00,4946811,556 Nguyễn Văn Cừ,21.0491,105.8831,28.6255523989899,11.440342533667373,11.045,43.01416666666666,24,,,,,28.77523674242424,18.276451786756056,4.977919823232324,0.44071075057696957,0,0,0,124,5,2026,0,spring,test
2026-05-05 00:00:00+00:00,4946811,556 Nguyễn Văn Cừ,21.0491,105.8831,34.75293623737374,13.010390373554353,7.268333333333332,60.26,24,,,,,42.39050526094276,17.394036053313727,5.539172348484848,0.9310728122990491,0,0,1,125,5,2026,0,spring,test
2026-05-06 00:00:00+00:00,4946811,556 Nguyễn Văn Cừ,21.0491,105.8831,26.12297537878788,7.655661770572344,9.676666666666666,40.01800000000001,24,,,,,39.38473042929293,14.908098607452638,5.222339646464647,0.7096109273131209,0,0,2,126,5,2026,0,spring,test
2026-05-07 00:00:00+00:00,4946811,556 Nguyễn Văn Cừ,21.0491,105.8831,22.057511994949497,12.486759648578346,2.78,53.03666666666667,24,,,,,57.021309974747474,23.41581820799525,5.261238005050505,0.873275456980731,2,0,3,127,5,2026,0,spring,test
2026-05-08 00:00:00+00:00,4946811,556 Nguyễn Văn Cừ,21.0491,105.8831,27.288238636363634,9.944923819328793,13.520909090909091,43.69583333333333,24,,,,,37.83447853535353,14.301387962533115,5.108412247474748,0.6007279097719821,0,0,4,128,5,2026,0,spring,test
2026-05-09 00:00:00+00:00,4946811,556 Nguyễn Văn Cừ,21.0491,105.8831,35.22847222222222,15.811413976977667,18.794166666666666,72.47749999999999,24,,,,,32.02960016835017,14.004803169006905,4.786019570707071,0.319504502644998,0,0,5,129,5,2026,1,spring,test
2026-05-10 00:00:00+00:00,4946811,556 Nguyễn Văn Cừ,21.0491,105.8831,42.226046085858584,16.019373144280973,17.9875,82.30916666666667,24,,,,,37.426582702020205,15.5313788287047,5.414149621212122,0.6665651284261981,0,0,6,130,5,2026,1,spring,test
2026-05-11 00:00:00+00:00,4946811,556 Nguyễn Văn Cừ,21.0491,105.8831,35.26588699494949,11.577017557186439,14.2025,59.0025,24,,,,,38.40461900252526,17.92945343935435,5.560536616161616,1.0650619005750164,0,0,0,131,5,2026,0,spring,test
2026-05-12 00:00:00+00:00,4946811,556 Nguyễn Văn Cừ,21.0491,105.8831,24.734264462809918,4.864200341232447,19.3275,38.641818181818174,22,,,,,52.00271092417683,22.816244756434116,5.257506198347108,0.6376506567761048,12,0,1,132,5,2026,0,spring,test
2026-05-13 00:00:00+00:00,4946811,556 Nguyễn Văn Cừ,21.0491,105.8831,33.07531502525253,11.829787926442998,15.865,55.55909090909092,24,,,,,47.41938131313131,24.3164723010493,4.771715277777778,1.0083943099507366,1,0,2,133,5,2026,0,spring,test
2026-05-14 00:00:00+00:00,4946811,556 Nguyễn Văn Cừ,21.0491,105.8831,40.97727588383838,13.971932561726096,10.246,65.79916666666668,24,,,,,45.14338278619528,31.6155924549123,5.294705176767677,1.6213179591927545,1,0,3,134,5,2026,0,spring,test
2026-05-15 00:00:00+00:00,4946811,556 Nguyễn Văn Cừ,21.0491,105.8831,46.7525,13.971932561726096,46.7525,46.7525,1,,,,,90.55166666666666,31.6155924549123,6.6375,1.6213179591927545,0,0,4,135,5,2026,0,spring,test
